Copyright 1986-2020 Xilinx, Inc. All Rights Reserved.
-----------------------------------------------------------------------------------------------------------------------------------------------------------------------------------------------
| Tool Version : Vivado v.2020.1 (win64) Build 2902540 Wed May 27 19:54:49 MDT 2020
| Date         : Tue Apr 14 12:16:15 2026
| Host         : HU-DOPX-ML05 running 64-bit major release  (build 9200)
| Command      : report_timing_summary -max_paths 10 -file fpga_top_timing_summary_routed.rpt -pb fpga_top_timing_summary_routed.pb -rpx fpga_top_timing_summary_routed.rpx -warn_on_violation
| Design       : fpga_top
| Device       : 7a35t-cpg236
| Speed File   : -1  PRODUCTION 1.23 2018-06-13
-----------------------------------------------------------------------------------------------------------------------------------------------------------------------------------------------

Timing Summary Report

------------------------------------------------------------------------------------------------
| Timer Settings
| --------------
------------------------------------------------------------------------------------------------

  Enable Multi Corner Analysis               :  Yes
  Enable Pessimism Removal                   :  Yes
  Pessimism Removal Resolution               :  Nearest Common Node
  Enable Input Delay Default Clock           :  No
  Enable Preset / Clear Arcs                 :  No
  Disable Flight Delays                      :  No
  Ignore I/O Paths                           :  No
  Timing Early Launch at Borrowing Latches   :  No
  Borrow Time for Max Delay Exceptions       :  Yes
  Merge Timing Exceptions                    :  Yes

  Corner  Analyze    Analyze    
  Name    Max Paths  Min Paths  
  ------  ---------  ---------  
  Slow    Yes        Yes        
  Fast    Yes        Yes        



check_timing report

Table of Contents
-----------------
1. checking no_clock (1312)
2. checking constant_clock (0)
3. checking pulse_width_clock (0)
4. checking unconstrained_internal_endpoints (5696)
5. checking no_input_delay (17)
6. checking no_output_delay (27)
7. checking multiple_clock (0)
8. checking generated_clocks (0)
9. checking loops (0)
10. checking partial_input_delay (0)
11. checking partial_output_delay (0)
12. checking latch_loops (0)

1. checking no_clock (1312)
---------------------------
 There are 1312 register/latch pins with no clock driven by root clock pin: clk_div/clk_out_reg/Q (HIGH)


2. checking constant_clock (0)
------------------------------
 There are 0 register/latch pins with constant_clock.


3. checking pulse_width_clock (0)
---------------------------------
 There are 0 register/latch pins which need pulse_width check


4. checking unconstrained_internal_endpoints (5696)
---------------------------------------------------
 There are 5696 pins that are not constrained for maximum delay. (HIGH)

 There are 0 pins that are not constrained for maximum delay due to constant clock.


5. checking no_input_delay (17)
-------------------------------
 There are 17 input ports with no input delay specified. (HIGH)

 There are 0 input ports with no input delay but user has a false path constraint.


6. checking no_output_delay (27)
--------------------------------
 There are 27 ports with no output delay specified. (HIGH)

 There are 0 ports with no output delay but user has a false path constraint

 There are 0 ports with no output delay but with a timing clock defined on it or propagating through it


7. checking multiple_clock (0)
------------------------------
 There are 0 register/latch pins with multiple clocks.


8. checking generated_clocks (0)
--------------------------------
 There are 0 generated clocks that are not connected to a clock source.


9. checking loops (0)
---------------------
 There are 0 combinational loops in the design.


10. checking partial_input_delay (0)
------------------------------------
 There are 0 input ports with partial input delay specified.


11. checking partial_output_delay (0)
-------------------------------------
 There are 0 ports with partial output delay specified.


12. checking latch_loops (0)
----------------------------
 There are 0 combinational latch loops in the design through latch input



------------------------------------------------------------------------------------------------
| Design Timing Summary
| ---------------------
------------------------------------------------------------------------------------------------

    WNS(ns)      TNS(ns)  TNS Failing Endpoints  TNS Total Endpoints      WHS(ns)      THS(ns)  THS Failing Endpoints  THS Total Endpoints     WPWS(ns)     TPWS(ns)  TPWS Failing Endpoints  TPWS Total Endpoints  
    -------      -------  ---------------------  -------------------      -------      -------  ---------------------  -------------------     --------     --------  ----------------------  --------------------  
      3.307        0.000                      0                   89        0.229        0.000                      0                   89        4.500        0.000                       0                    47  


All user specified timing constraints are met.


------------------------------------------------------------------------------------------------
| Clock Summary
| -------------
------------------------------------------------------------------------------------------------

Clock    Waveform(ns)       Period(ns)      Frequency(MHz)
-----    ------------       ----------      --------------
sys_clk  {0.000 5.000}      10.000          100.000         


------------------------------------------------------------------------------------------------
| Intra Clock Table
| -----------------
------------------------------------------------------------------------------------------------

Clock             WNS(ns)      TNS(ns)  TNS Failing Endpoints  TNS Total Endpoints      WHS(ns)      THS(ns)  THS Failing Endpoints  THS Total Endpoints     WPWS(ns)     TPWS(ns)  TPWS Failing Endpoints  TPWS Total Endpoints  
-----             -------      -------  ---------------------  -------------------      -------      -------  ---------------------  -------------------     --------     --------  ----------------------  --------------------  
sys_clk             6.255        0.000                      0                   45        0.229        0.000                      0                   45        4.500        0.000                       0                    47  


------------------------------------------------------------------------------------------------
| Inter Clock Table
| -----------------
------------------------------------------------------------------------------------------------

From Clock    To Clock          WNS(ns)      TNS(ns)  TNS Failing Endpoints  TNS Total Endpoints      WHS(ns)      THS(ns)  THS Failing Endpoints  THS Total Endpoints  
----------    --------          -------      -------  ---------------------  -------------------      -------      -------  ---------------------  -------------------  


------------------------------------------------------------------------------------------------
| Other Path Groups Table
| -----------------------
------------------------------------------------------------------------------------------------

Path Group         From Clock         To Clock               WNS(ns)      TNS(ns)  TNS Failing Endpoints  TNS Total Endpoints      WHS(ns)      THS(ns)  THS Failing Endpoints  THS Total Endpoints  
----------         ----------         --------               -------      -------  ---------------------  -------------------      -------      -------  ---------------------  -------------------  
**async_default**  sys_clk            sys_clk                  3.307        0.000                      0                   44        1.181        0.000                      0                   44  


------------------------------------------------------------------------------------------------
| Timing Details
| --------------
------------------------------------------------------------------------------------------------


---------------------------------------------------------------------------------------------------
From Clock:  sys_clk
  To Clock:  sys_clk

Setup :            0  Failing Endpoints,  Worst Slack        6.255ns,  Total Violation        0.000ns
Hold  :            0  Failing Endpoints,  Worst Slack        0.229ns,  Total Violation        0.000ns
PW    :            0  Failing Endpoints,  Worst Slack        4.500ns,  Total Violation        0.000ns
---------------------------------------------------------------------------------------------------


Max Delay Paths
--------------------------------------------------------------------------------------
Slack (MET) :             6.255ns  (required time - arrival time)
  Source:                 clk_div/counter_reg[6]/C
                            (rising edge-triggered cell FDCE clocked by sys_clk  {rise@0.000ns fall@5.000ns period=10.000ns})
  Destination:            clk_div/counter_reg[18]/D
                            (rising edge-triggered cell FDCE clocked by sys_clk  {rise@0.000ns fall@5.000ns period=10.000ns})
  Path Group:             sys_clk
  Path Type:              Setup (Max at Slow Process Corner)
  Requirement:            10.000ns  (sys_clk rise@10.000ns - sys_clk rise@0.000ns)
  Data Path Delay:        3.607ns  (logic 0.704ns (19.515%)  route 2.903ns (80.485%))
  Logic Levels:           2  (LUT4=1 LUT6=1)
  Clock Path Skew:        -0.131ns (DCD - SCD + CPR)
    Destination Clock Delay (DCD):    4.777ns = ( 14.777 - 10.000 ) 
    Source Clock Delay      (SCD):    5.087ns
    Clock Pessimism Removal (CPR):    0.180ns
  Clock Uncertainty:      0.035ns  ((TSJ^2 + TIJ^2)^1/2 + DJ) / 2 + PE
    Total System Jitter     (TSJ):    0.071ns
    Total Input Jitter      (TIJ):    0.000ns
    Discrete Jitter          (DJ):    0.000ns
    Phase Error              (PE):    0.000ns

    Location             Delay type                Incr(ns)  Path(ns)    Netlist Resource(s)
  -------------------------------------------------------------------    -------------------
                         (clock sys_clk rise edge)    0.000     0.000 r  
    W5                                                0.000     0.000 r  clk (IN)
                         net (fo=0)                   0.000     0.000    clk
    W5                   IBUF (Prop_ibuf_I_O)         1.458     1.458 r  clk_IBUF_inst/O
                         net (fo=1, routed)           1.967     3.425    clk_IBUF
    BUFGCTRL_X0Y1        BUFG (Prop_bufg_I_O)         0.096     3.521 r  clk_IBUF_BUFG_inst/O
                         net (fo=46, routed)          1.566     5.087    clk_div/clk_IBUF_BUFG
    SLICE_X31Y48         FDCE                                         r  clk_div/counter_reg[6]/C
  -------------------------------------------------------------------    -------------------
    SLICE_X31Y48         FDCE (Prop_fdce_C_Q)         0.456     5.543 r  clk_div/counter_reg[6]/Q
                         net (fo=2, routed)           1.111     6.655    clk_div/counter[6]
    SLICE_X31Y47         LUT4 (Prop_lut4_I1_O)        0.124     6.779 r  clk_div/counter[24]_i_2/O
                         net (fo=25, routed)          1.792     8.571    clk_div/counter[24]_i_2_n_0
    SLICE_X33Y51         LUT6 (Prop_lut6_I3_O)        0.124     8.695 r  clk_div/counter[18]_i_1/O
                         net (fo=1, routed)           0.000     8.695    clk_div/counter_0[18]
    SLICE_X33Y51         FDCE                                         r  clk_div/counter_reg[18]/D
  -------------------------------------------------------------------    -------------------

                         (clock sys_clk rise edge)   10.000    10.000 r  
    W5                                                0.000    10.000 r  clk (IN)
                         net (fo=0)                   0.000    10.000    clk
    W5                   IBUF (Prop_ibuf_I_O)         1.388    11.388 r  clk_IBUF_inst/O
                         net (fo=1, routed)           1.862    13.250    clk_IBUF
    BUFGCTRL_X0Y1        BUFG (Prop_bufg_I_O)         0.091    13.341 r  clk_IBUF_BUFG_inst/O
                         net (fo=46, routed)          1.436    14.777    clk_div/clk_IBUF_BUFG
    SLICE_X33Y51         FDCE                                         r  clk_div/counter_reg[18]/C
                         clock pessimism              0.180    14.957    
                         clock uncertainty           -0.035    14.921    
    SLICE_X33Y51         FDCE (Setup_fdce_C_D)        0.029    14.950    clk_div/counter_reg[18]
  -------------------------------------------------------------------
                         required time                         14.950    
                         arrival time                          -8.695    
  -------------------------------------------------------------------
                         slack                                  6.255    

Slack (MET) :             6.258ns  (required time - arrival time)
  Source:                 clk_div/counter_reg[6]/C
                            (rising edge-triggered cell FDCE clocked by sys_clk  {rise@0.000ns fall@5.000ns period=10.000ns})
  Destination:            clk_div/counter_reg[19]/D
                            (rising edge-triggered cell FDCE clocked by sys_clk  {rise@0.000ns fall@5.000ns period=10.000ns})
  Path Group:             sys_clk
  Path Type:              Setup (Max at Slow Process Corner)
  Requirement:            10.000ns  (sys_clk rise@10.000ns - sys_clk rise@0.000ns)
  Data Path Delay:        3.606ns  (logic 0.704ns (19.520%)  route 2.902ns (80.479%))
  Logic Levels:           2  (LUT4=1 LUT6=1)
  Clock Path Skew:        -0.131ns (DCD - SCD + CPR)
    Destination Clock Delay (DCD):    4.777ns = ( 14.777 - 10.000 ) 
    Source Clock Delay      (SCD):    5.087ns
    Clock Pessimism Removal (CPR):    0.180ns
  Clock Uncertainty:      0.035ns  ((TSJ^2 + TIJ^2)^1/2 + DJ) / 2 + PE
    Total System Jitter     (TSJ):    0.071ns
    Total Input Jitter      (TIJ):    0.000ns
    Discrete Jitter          (DJ):    0.000ns
    Phase Error              (PE):    0.000ns

    Location             Delay type                Incr(ns)  Path(ns)    Netlist Resource(s)
  -------------------------------------------------------------------    -------------------
                         (clock sys_clk rise edge)    0.000     0.000 r  
    W5                                                0.000     0.000 r  clk (IN)
                         net (fo=0)                   0.000     0.000    clk
    W5                   IBUF (Prop_ibuf_I_O)         1.458     1.458 r  clk_IBUF_inst/O
                         net (fo=1, routed)           1.967     3.425    clk_IBUF
    BUFGCTRL_X0Y1        BUFG (Prop_bufg_I_O)         0.096     3.521 r  clk_IBUF_BUFG_inst/O
                         net (fo=46, routed)          1.566     5.087    clk_div/clk_IBUF_BUFG
    SLICE_X31Y48         FDCE                                         r  clk_div/counter_reg[6]/C
  -------------------------------------------------------------------    -------------------
    SLICE_X31Y48         FDCE (Prop_fdce_C_Q)         0.456     5.543 r  clk_div/counter_reg[6]/Q
                         net (fo=2, routed)           1.111     6.655    clk_div/counter[6]
    SLICE_X31Y47         LUT4 (Prop_lut4_I1_O)        0.124     6.779 r  clk_div/counter[24]_i_2/O
                         net (fo=25, routed)          1.791     8.570    clk_div/counter[24]_i_2_n_0
    SLICE_X33Y51         LUT6 (Prop_lut6_I3_O)        0.124     8.694 r  clk_div/counter[19]_i_1/O
                         net (fo=1, routed)           0.000     8.694    clk_div/counter_0[19]
    SLICE_X33Y51         FDCE                                         r  clk_div/counter_reg[19]/D
  -------------------------------------------------------------------    -------------------

                         (clock sys_clk rise edge)   10.000    10.000 r  
    W5                                                0.000    10.000 r  clk (IN)
                         net (fo=0)                   0.000    10.000    clk
    W5                   IBUF (Prop_ibuf_I_O)         1.388    11.388 r  clk_IBUF_inst/O
                         net (fo=1, routed)           1.862    13.250    clk_IBUF
    BUFGCTRL_X0Y1        BUFG (Prop_bufg_I_O)         0.091    13.341 r  clk_IBUF_BUFG_inst/O
                         net (fo=46, routed)          1.436    14.777    clk_div/clk_IBUF_BUFG
    SLICE_X33Y51         FDCE                                         r  clk_div/counter_reg[19]/C
                         clock pessimism              0.180    14.957    
                         clock uncertainty           -0.035    14.921    
    SLICE_X33Y51         FDCE (Setup_fdce_C_D)        0.031    14.952    clk_div/counter_reg[19]
  -------------------------------------------------------------------
                         required time                         14.952    
                         arrival time                          -8.694    
  -------------------------------------------------------------------
                         slack                                  6.258    

Slack (MET) :             6.301ns  (required time - arrival time)
  Source:                 clk_div/counter_reg[6]/C
                            (rising edge-triggered cell FDCE clocked by sys_clk  {rise@0.000ns fall@5.000ns period=10.000ns})
  Destination:            clk_div/counter_reg[21]/D
                            (rising edge-triggered cell FDCE clocked by sys_clk  {rise@0.000ns fall@5.000ns period=10.000ns})
  Path Group:             sys_clk
  Path Type:              Setup (Max at Slow Process Corner)
  Requirement:            10.000ns  (sys_clk rise@10.000ns - sys_clk rise@0.000ns)
  Data Path Delay:        3.562ns  (logic 0.704ns (19.763%)  route 2.858ns (80.237%))
  Logic Levels:           2  (LUT4=1 LUT6=1)
  Clock Path Skew:        -0.131ns (DCD - SCD + CPR)
    Destination Clock Delay (DCD):    4.777ns = ( 14.777 - 10.000 ) 
    Source Clock Delay      (SCD):    5.087ns
    Clock Pessimism Removal (CPR):    0.180ns
  Clock Uncertainty:      0.035ns  ((TSJ^2 + TIJ^2)^1/2 + DJ) / 2 + PE
    Total System Jitter     (TSJ):    0.071ns
    Total Input Jitter      (TIJ):    0.000ns
    Discrete Jitter          (DJ):    0.000ns
    Phase Error              (PE):    0.000ns

    Location             Delay type                Incr(ns)  Path(ns)    Netlist Resource(s)
  -------------------------------------------------------------------    -------------------
                         (clock sys_clk rise edge)    0.000     0.000 r  
    W5                                                0.000     0.000 r  clk (IN)
                         net (fo=0)                   0.000     0.000    clk
    W5                   IBUF (Prop_ibuf_I_O)         1.458     1.458 r  clk_IBUF_inst/O
                         net (fo=1, routed)           1.967     3.425    clk_IBUF
    BUFGCTRL_X0Y1        BUFG (Prop_bufg_I_O)         0.096     3.521 r  clk_IBUF_BUFG_inst/O
                         net (fo=46, routed)          1.566     5.087    clk_div/clk_IBUF_BUFG
    SLICE_X31Y48         FDCE                                         r  clk_div/counter_reg[6]/C
  -------------------------------------------------------------------    -------------------
    SLICE_X31Y48         FDCE (Prop_fdce_C_Q)         0.456     5.543 r  clk_div/counter_reg[6]/Q
                         net (fo=2, routed)           1.111     6.655    clk_div/counter[6]
    SLICE_X31Y47         LUT4 (Prop_lut4_I1_O)        0.124     6.779 r  clk_div/counter[24]_i_2/O
                         net (fo=25, routed)          1.747     8.525    clk_div/counter[24]_i_2_n_0
    SLICE_X33Y52         LUT6 (Prop_lut6_I3_O)        0.124     8.649 r  clk_div/counter[21]_i_1/O
                         net (fo=1, routed)           0.000     8.649    clk_div/counter_0[21]
    SLICE_X33Y52         FDCE                                         r  clk_div/counter_reg[21]/D
  -------------------------------------------------------------------    -------------------

                         (clock sys_clk rise edge)   10.000    10.000 r  
    W5                                                0.000    10.000 r  clk (IN)
                         net (fo=0)                   0.000    10.000    clk
    W5                   IBUF (Prop_ibuf_I_O)         1.388    11.388 r  clk_IBUF_inst/O
                         net (fo=1, routed)           1.862    13.250    clk_IBUF
    BUFGCTRL_X0Y1        BUFG (Prop_bufg_I_O)         0.091    13.341 r  clk_IBUF_BUFG_inst/O
                         net (fo=46, routed)          1.436    14.777    clk_div/clk_IBUF_BUFG
    SLICE_X33Y52         FDCE                                         r  clk_div/counter_reg[21]/C
                         clock pessimism              0.180    14.957    
                         clock uncertainty           -0.035    14.921    
    SLICE_X33Y52         FDCE (Setup_fdce_C_D)        0.029    14.950    clk_div/counter_reg[21]
  -------------------------------------------------------------------
                         required time                         14.950    
                         arrival time                          -8.649    
  -------------------------------------------------------------------
                         slack                                  6.301    

Slack (MET) :             6.332ns  (required time - arrival time)
  Source:                 clk_div/counter_reg[5]/C
                            (rising edge-triggered cell FDCE clocked by sys_clk  {rise@0.000ns fall@5.000ns period=10.000ns})
  Destination:            clk_div/counter_reg[20]/D
                            (rising edge-triggered cell FDCE clocked by sys_clk  {rise@0.000ns fall@5.000ns period=10.000ns})
  Path Group:             sys_clk
  Path Type:              Setup (Max at Slow Process Corner)
  Requirement:            10.000ns  (sys_clk rise@10.000ns - sys_clk rise@0.000ns)
  Data Path Delay:        3.533ns  (logic 1.959ns (55.449%)  route 1.574ns (44.551%))
  Logic Levels:           5  (CARRY4=4 LUT6=1)
  Clock Path Skew:        -0.131ns (DCD - SCD + CPR)
    Destination Clock Delay (DCD):    4.777ns = ( 14.777 - 10.000 ) 
    Source Clock Delay      (SCD):    5.087ns
    Clock Pessimism Removal (CPR):    0.180ns
  Clock Uncertainty:      0.035ns  ((TSJ^2 + TIJ^2)^1/2 + DJ) / 2 + PE
    Total System Jitter     (TSJ):    0.071ns
    Total Input Jitter      (TIJ):    0.000ns
    Discrete Jitter          (DJ):    0.000ns
    Phase Error              (PE):    0.000ns

    Location             Delay type                Incr(ns)  Path(ns)    Netlist Resource(s)
  -------------------------------------------------------------------    -------------------
                         (clock sys_clk rise edge)    0.000     0.000 r  
    W5                                                0.000     0.000 r  clk (IN)
                         net (fo=0)                   0.000     0.000    clk
    W5                   IBUF (Prop_ibuf_I_O)         1.458     1.458 r  clk_IBUF_inst/O
                         net (fo=1, routed)           1.967     3.425    clk_IBUF
    BUFGCTRL_X0Y1        BUFG (Prop_bufg_I_O)         0.096     3.521 r  clk_IBUF_BUFG_inst/O
                         net (fo=46, routed)          1.566     5.087    clk_div/clk_IBUF_BUFG
    SLICE_X31Y48         FDCE                                         r  clk_div/counter_reg[5]/C
  -------------------------------------------------------------------    -------------------
    SLICE_X31Y48         FDCE (Prop_fdce_C_Q)         0.456     5.543 r  clk_div/counter_reg[5]/Q
                         net (fo=26, routed)          0.712     6.256    clk_div/counter[5]
    SLICE_X32Y48         CARRY4 (Prop_carry4_S[0]_CO[3])
                                                      0.656     6.912 r  clk_div/counter0_carry__0/CO[3]
                         net (fo=1, routed)           0.000     6.912    clk_div/counter0_carry__0_n_0
    SLICE_X32Y49         CARRY4 (Prop_carry4_CI_CO[3])
                                                      0.114     7.026 r  clk_div/counter0_carry__1/CO[3]
                         net (fo=1, routed)           0.001     7.026    clk_div/counter0_carry__1_n_0
    SLICE_X32Y50         CARRY4 (Prop_carry4_CI_CO[3])
                                                      0.114     7.140 r  clk_div/counter0_carry__2/CO[3]
                         net (fo=1, routed)           0.000     7.140    clk_div/counter0_carry__2_n_0
    SLICE_X32Y51         CARRY4 (Prop_carry4_CI_O[3])
                                                      0.313     7.453 r  clk_div/counter0_carry__3/O[3]
                         net (fo=1, routed)           0.861     8.314    clk_div/data0[20]
    SLICE_X33Y51         LUT6 (Prop_lut6_I5_O)        0.306     8.620 r  clk_div/counter[20]_i_1/O
                         net (fo=1, routed)           0.000     8.620    clk_div/counter_0[20]
    SLICE_X33Y51         FDCE                                         r  clk_div/counter_reg[20]/D
  -------------------------------------------------------------------    -------------------

                         (clock sys_clk rise edge)   10.000    10.000 r  
    W5                                                0.000    10.000 r  clk (IN)
                         net (fo=0)                   0.000    10.000    clk
    W5                   IBUF (Prop_ibuf_I_O)         1.388    11.388 r  clk_IBUF_inst/O
                         net (fo=1, routed)           1.862    13.250    clk_IBUF
    BUFGCTRL_X0Y1        BUFG (Prop_bufg_I_O)         0.091    13.341 r  clk_IBUF_BUFG_inst/O
                         net (fo=46, routed)          1.436    14.777    clk_div/clk_IBUF_BUFG
    SLICE_X33Y51         FDCE                                         r  clk_div/counter_reg[20]/C
                         clock pessimism              0.180    14.957    
                         clock uncertainty           -0.035    14.921    
    SLICE_X33Y51         FDCE (Setup_fdce_C_D)        0.031    14.952    clk_div/counter_reg[20]
  -------------------------------------------------------------------
                         required time                         14.952    
                         arrival time                          -8.620    
  -------------------------------------------------------------------
                         slack                                  6.332    

Slack (MET) :             6.452ns  (required time - arrival time)
  Source:                 clk_div/counter_reg[5]/C
                            (rising edge-triggered cell FDCE clocked by sys_clk  {rise@0.000ns fall@5.000ns period=10.000ns})
  Destination:            clk_div/counter_reg[24]/D
                            (rising edge-triggered cell FDCE clocked by sys_clk  {rise@0.000ns fall@5.000ns period=10.000ns})
  Path Group:             sys_clk
  Path Type:              Setup (Max at Slow Process Corner)
  Requirement:            10.000ns  (sys_clk rise@10.000ns - sys_clk rise@0.000ns)
  Data Path Delay:        3.414ns  (logic 2.073ns (60.721%)  route 1.341ns (39.279%))
  Logic Levels:           6  (CARRY4=5 LUT6=1)
  Clock Path Skew:        -0.131ns (DCD - SCD + CPR)
    Destination Clock Delay (DCD):    4.777ns = ( 14.777 - 10.000 ) 
    Source Clock Delay      (SCD):    5.087ns
    Clock Pessimism Removal (CPR):    0.180ns
  Clock Uncertainty:      0.035ns  ((TSJ^2 + TIJ^2)^1/2 + DJ) / 2 + PE
    Total System Jitter     (TSJ):    0.071ns
    Total Input Jitter      (TIJ):    0.000ns
    Discrete Jitter          (DJ):    0.000ns
    Phase Error              (PE):    0.000ns

    Location             Delay type                Incr(ns)  Path(ns)    Netlist Resource(s)
  -------------------------------------------------------------------    -------------------
                         (clock sys_clk rise edge)    0.000     0.000 r  
    W5                                                0.000     0.000 r  clk (IN)
                         net (fo=0)                   0.000     0.000    clk
    W5                   IBUF (Prop_ibuf_I_O)         1.458     1.458 r  clk_IBUF_inst/O
                         net (fo=1, routed)           1.967     3.425    clk_IBUF
    BUFGCTRL_X0Y1        BUFG (Prop_bufg_I_O)         0.096     3.521 r  clk_IBUF_BUFG_inst/O
                         net (fo=46, routed)          1.566     5.087    clk_div/clk_IBUF_BUFG
    SLICE_X31Y48         FDCE                                         r  clk_div/counter_reg[5]/C
  -------------------------------------------------------------------    -------------------
    SLICE_X31Y48         FDCE (Prop_fdce_C_Q)         0.456     5.543 r  clk_div/counter_reg[5]/Q
                         net (fo=26, routed)          0.712     6.256    clk_div/counter[5]
    SLICE_X32Y48         CARRY4 (Prop_carry4_S[0]_CO[3])
                                                      0.656     6.912 r  clk_div/counter0_carry__0/CO[3]
                         net (fo=1, routed)           0.000     6.912    clk_div/counter0_carry__0_n_0
    SLICE_X32Y49         CARRY4 (Prop_carry4_CI_CO[3])
                                                      0.114     7.026 r  clk_div/counter0_carry__1/CO[3]
                         net (fo=1, routed)           0.001     7.026    clk_div/counter0_carry__1_n_0
    SLICE_X32Y50         CARRY4 (Prop_carry4_CI_CO[3])
                                                      0.114     7.140 r  clk_div/counter0_carry__2/CO[3]
                         net (fo=1, routed)           0.000     7.140    clk_div/counter0_carry__2_n_0
    SLICE_X32Y51         CARRY4 (Prop_carry4_CI_CO[3])
                                                      0.114     7.254 r  clk_div/counter0_carry__3/CO[3]
                         net (fo=1, routed)           0.000     7.254    clk_div/counter0_carry__3_n_0
    SLICE_X32Y52         CARRY4 (Prop_carry4_CI_O[3])
                                                      0.313     7.567 r  clk_div/counter0_carry__4/O[3]
                         net (fo=1, routed)           0.628     8.195    clk_div/data0[24]
    SLICE_X33Y52         LUT6 (Prop_lut6_I5_O)        0.306     8.501 r  clk_div/counter[24]_i_1/O
                         net (fo=1, routed)           0.000     8.501    clk_div/counter_0[24]
    SLICE_X33Y52         FDCE                                         r  clk_div/counter_reg[24]/D
  -------------------------------------------------------------------    -------------------

                         (clock sys_clk rise edge)   10.000    10.000 r  
    W5                                                0.000    10.000 r  clk (IN)
                         net (fo=0)                   0.000    10.000    clk
    W5                   IBUF (Prop_ibuf_I_O)         1.388    11.388 r  clk_IBUF_inst/O
                         net (fo=1, routed)           1.862    13.250    clk_IBUF
    BUFGCTRL_X0Y1        BUFG (Prop_bufg_I_O)         0.091    13.341 r  clk_IBUF_BUFG_inst/O
                         net (fo=46, routed)          1.436    14.777    clk_div/clk_IBUF_BUFG
    SLICE_X33Y52         FDCE                                         r  clk_div/counter_reg[24]/C
                         clock pessimism              0.180    14.957    
                         clock uncertainty           -0.035    14.921    
    SLICE_X33Y52         FDCE (Setup_fdce_C_D)        0.032    14.953    clk_div/counter_reg[24]
  -------------------------------------------------------------------
                         required time                         14.953    
                         arrival time                          -8.501    
  -------------------------------------------------------------------
                         slack                                  6.452    

Slack (MET) :             6.477ns  (required time - arrival time)
  Source:                 clk_div/counter_reg[5]/C
                            (rising edge-triggered cell FDCE clocked by sys_clk  {rise@0.000ns fall@5.000ns period=10.000ns})
  Destination:            clk_div/counter_reg[22]/D
                            (rising edge-triggered cell FDCE clocked by sys_clk  {rise@0.000ns fall@5.000ns period=10.000ns})
  Path Group:             sys_clk
  Path Type:              Setup (Max at Slow Process Corner)
  Requirement:            10.000ns  (sys_clk rise@10.000ns - sys_clk rise@0.000ns)
  Data Path Delay:        3.387ns  (logic 2.091ns (61.728%)  route 1.296ns (38.272%))
  Logic Levels:           6  (CARRY4=5 LUT6=1)
  Clock Path Skew:        -0.131ns (DCD - SCD + CPR)
    Destination Clock Delay (DCD):    4.777ns = ( 14.777 - 10.000 ) 
    Source Clock Delay      (SCD):    5.087ns
    Clock Pessimism Removal (CPR):    0.180ns
  Clock Uncertainty:      0.035ns  ((TSJ^2 + TIJ^2)^1/2 + DJ) / 2 + PE
    Total System Jitter     (TSJ):    0.071ns
    Total Input Jitter      (TIJ):    0.000ns
    Discrete Jitter          (DJ):    0.000ns
    Phase Error              (PE):    0.000ns

    Location             Delay type                Incr(ns)  Path(ns)    Netlist Resource(s)
  -------------------------------------------------------------------    -------------------
                         (clock sys_clk rise edge)    0.000     0.000 r  
    W5                                                0.000     0.000 r  clk (IN)
                         net (fo=0)                   0.000     0.000    clk
    W5                   IBUF (Prop_ibuf_I_O)         1.458     1.458 r  clk_IBUF_inst/O
                         net (fo=1, routed)           1.967     3.425    clk_IBUF
    BUFGCTRL_X0Y1        BUFG (Prop_bufg_I_O)         0.096     3.521 r  clk_IBUF_BUFG_inst/O
                         net (fo=46, routed)          1.566     5.087    clk_div/clk_IBUF_BUFG
    SLICE_X31Y48         FDCE                                         r  clk_div/counter_reg[5]/C
  -------------------------------------------------------------------    -------------------
    SLICE_X31Y48         FDCE (Prop_fdce_C_Q)         0.456     5.543 r  clk_div/counter_reg[5]/Q
                         net (fo=26, routed)          0.712     6.256    clk_div/counter[5]
    SLICE_X32Y48         CARRY4 (Prop_carry4_S[0]_CO[3])
                                                      0.656     6.912 r  clk_div/counter0_carry__0/CO[3]
                         net (fo=1, routed)           0.000     6.912    clk_div/counter0_carry__0_n_0
    SLICE_X32Y49         CARRY4 (Prop_carry4_CI_CO[3])
                                                      0.114     7.026 r  clk_div/counter0_carry__1/CO[3]
                         net (fo=1, routed)           0.001     7.026    clk_div/counter0_carry__1_n_0
    SLICE_X32Y50         CARRY4 (Prop_carry4_CI_CO[3])
                                                      0.114     7.140 r  clk_div/counter0_carry__2/CO[3]
                         net (fo=1, routed)           0.000     7.140    clk_div/counter0_carry__2_n_0
    SLICE_X32Y51         CARRY4 (Prop_carry4_CI_CO[3])
                                                      0.114     7.254 r  clk_div/counter0_carry__3/CO[3]
                         net (fo=1, routed)           0.000     7.254    clk_div/counter0_carry__3_n_0
    SLICE_X32Y52         CARRY4 (Prop_carry4_CI_O[1])
                                                      0.334     7.588 r  clk_div/counter0_carry__4/O[1]
                         net (fo=1, routed)           0.584     8.172    clk_div/data0[22]
    SLICE_X33Y52         LUT6 (Prop_lut6_I5_O)        0.303     8.475 r  clk_div/counter[22]_i_1/O
                         net (fo=1, routed)           0.000     8.475    clk_div/counter_0[22]
    SLICE_X33Y52         FDCE                                         r  clk_div/counter_reg[22]/D
  -------------------------------------------------------------------    -------------------

                         (clock sys_clk rise edge)   10.000    10.000 r  
    W5                                                0.000    10.000 r  clk (IN)
                         net (fo=0)                   0.000    10.000    clk
    W5                   IBUF (Prop_ibuf_I_O)         1.388    11.388 r  clk_IBUF_inst/O
                         net (fo=1, routed)           1.862    13.250    clk_IBUF
    BUFGCTRL_X0Y1        BUFG (Prop_bufg_I_O)         0.091    13.341 r  clk_IBUF_BUFG_inst/O
                         net (fo=46, routed)          1.436    14.777    clk_div/clk_IBUF_BUFG
    SLICE_X33Y52         FDCE                                         r  clk_div/counter_reg[22]/C
                         clock pessimism              0.180    14.957    
                         clock uncertainty           -0.035    14.921    
    SLICE_X33Y52         FDCE (Setup_fdce_C_D)        0.031    14.952    clk_div/counter_reg[22]
  -------------------------------------------------------------------
                         required time                         14.952    
                         arrival time                          -8.475    
  -------------------------------------------------------------------
                         slack                                  6.477    

Slack (MET) :             6.487ns  (required time - arrival time)
  Source:                 clk_div/counter_reg[5]/C
                            (rising edge-triggered cell FDCE clocked by sys_clk  {rise@0.000ns fall@5.000ns period=10.000ns})
  Destination:            clk_div/counter_reg[17]/D
                            (rising edge-triggered cell FDCE clocked by sys_clk  {rise@0.000ns fall@5.000ns period=10.000ns})
  Path Group:             sys_clk
  Path Type:              Setup (Max at Slow Process Corner)
  Requirement:            10.000ns  (sys_clk rise@10.000ns - sys_clk rise@0.000ns)
  Data Path Delay:        3.376ns  (logic 1.861ns (55.129%)  route 1.515ns (44.871%))
  Logic Levels:           5  (CARRY4=4 LUT6=1)
  Clock Path Skew:        -0.131ns (DCD - SCD + CPR)
    Destination Clock Delay (DCD):    4.777ns = ( 14.777 - 10.000 ) 
    Source Clock Delay      (SCD):    5.087ns
    Clock Pessimism Removal (CPR):    0.180ns
  Clock Uncertainty:      0.035ns  ((TSJ^2 + TIJ^2)^1/2 + DJ) / 2 + PE
    Total System Jitter     (TSJ):    0.071ns
    Total Input Jitter      (TIJ):    0.000ns
    Discrete Jitter          (DJ):    0.000ns
    Phase Error              (PE):    0.000ns

    Location             Delay type                Incr(ns)  Path(ns)    Netlist Resource(s)
  -------------------------------------------------------------------    -------------------
                         (clock sys_clk rise edge)    0.000     0.000 r  
    W5                                                0.000     0.000 r  clk (IN)
                         net (fo=0)                   0.000     0.000    clk
    W5                   IBUF (Prop_ibuf_I_O)         1.458     1.458 r  clk_IBUF_inst/O
                         net (fo=1, routed)           1.967     3.425    clk_IBUF
    BUFGCTRL_X0Y1        BUFG (Prop_bufg_I_O)         0.096     3.521 r  clk_IBUF_BUFG_inst/O
                         net (fo=46, routed)          1.566     5.087    clk_div/clk_IBUF_BUFG
    SLICE_X31Y48         FDCE                                         r  clk_div/counter_reg[5]/C
  -------------------------------------------------------------------    -------------------
    SLICE_X31Y48         FDCE (Prop_fdce_C_Q)         0.456     5.543 r  clk_div/counter_reg[5]/Q
                         net (fo=26, routed)          0.712     6.256    clk_div/counter[5]
    SLICE_X32Y48         CARRY4 (Prop_carry4_S[0]_CO[3])
                                                      0.656     6.912 r  clk_div/counter0_carry__0/CO[3]
                         net (fo=1, routed)           0.000     6.912    clk_div/counter0_carry__0_n_0
    SLICE_X32Y49         CARRY4 (Prop_carry4_CI_CO[3])
                                                      0.114     7.026 r  clk_div/counter0_carry__1/CO[3]
                         net (fo=1, routed)           0.001     7.026    clk_div/counter0_carry__1_n_0
    SLICE_X32Y50         CARRY4 (Prop_carry4_CI_CO[3])
                                                      0.114     7.140 r  clk_div/counter0_carry__2/CO[3]
                         net (fo=1, routed)           0.000     7.140    clk_div/counter0_carry__2_n_0
    SLICE_X32Y51         CARRY4 (Prop_carry4_CI_O[0])
                                                      0.222     7.362 r  clk_div/counter0_carry__3/O[0]
                         net (fo=1, routed)           0.802     8.164    clk_div/data0[17]
    SLICE_X31Y51         LUT6 (Prop_lut6_I5_O)        0.299     8.463 r  clk_div/counter[17]_i_1/O
                         net (fo=1, routed)           0.000     8.463    clk_div/counter_0[17]
    SLICE_X31Y51         FDCE                                         r  clk_div/counter_reg[17]/D
  -------------------------------------------------------------------    -------------------

                         (clock sys_clk rise edge)   10.000    10.000 r  
    W5                                                0.000    10.000 r  clk (IN)
                         net (fo=0)                   0.000    10.000    clk
    W5                   IBUF (Prop_ibuf_I_O)         1.388    11.388 r  clk_IBUF_inst/O
                         net (fo=1, routed)           1.862    13.250    clk_IBUF
    BUFGCTRL_X0Y1        BUFG (Prop_bufg_I_O)         0.091    13.341 r  clk_IBUF_BUFG_inst/O
                         net (fo=46, routed)          1.436    14.777    clk_div/clk_IBUF_BUFG
    SLICE_X31Y51         FDCE                                         r  clk_div/counter_reg[17]/C
                         clock pessimism              0.180    14.957    
                         clock uncertainty           -0.035    14.921    
    SLICE_X31Y51         FDCE (Setup_fdce_C_D)        0.029    14.950    clk_div/counter_reg[17]
  -------------------------------------------------------------------
                         required time                         14.950    
                         arrival time                          -8.463    
  -------------------------------------------------------------------
                         slack                                  6.487    

Slack (MET) :             6.582ns  (required time - arrival time)
  Source:                 clk_div/counter_reg[5]/C
                            (rising edge-triggered cell FDCE clocked by sys_clk  {rise@0.000ns fall@5.000ns period=10.000ns})
  Destination:            clk_div/counter_reg[23]/D
                            (rising edge-triggered cell FDCE clocked by sys_clk  {rise@0.000ns fall@5.000ns period=10.000ns})
  Path Group:             sys_clk
  Path Type:              Setup (Max at Slow Process Corner)
  Requirement:            10.000ns  (sys_clk rise@10.000ns - sys_clk rise@0.000ns)
  Data Path Delay:        3.283ns  (logic 1.995ns (60.777%)  route 1.288ns (39.223%))
  Logic Levels:           6  (CARRY4=5 LUT6=1)
  Clock Path Skew:        -0.131ns (DCD - SCD + CPR)
    Destination Clock Delay (DCD):    4.777ns = ( 14.777 - 10.000 ) 
    Source Clock Delay      (SCD):    5.087ns
    Clock Pessimism Removal (CPR):    0.180ns
  Clock Uncertainty:      0.035ns  ((TSJ^2 + TIJ^2)^1/2 + DJ) / 2 + PE
    Total System Jitter     (TSJ):    0.071ns
    Total Input Jitter      (TIJ):    0.000ns
    Discrete Jitter          (DJ):    0.000ns
    Phase Error              (PE):    0.000ns

    Location             Delay type                Incr(ns)  Path(ns)    Netlist Resource(s)
  -------------------------------------------------------------------    -------------------
                         (clock sys_clk rise edge)    0.000     0.000 r  
    W5                                                0.000     0.000 r  clk (IN)
                         net (fo=0)                   0.000     0.000    clk
    W5                   IBUF (Prop_ibuf_I_O)         1.458     1.458 r  clk_IBUF_inst/O
                         net (fo=1, routed)           1.967     3.425    clk_IBUF
    BUFGCTRL_X0Y1        BUFG (Prop_bufg_I_O)         0.096     3.521 r  clk_IBUF_BUFG_inst/O
                         net (fo=46, routed)          1.566     5.087    clk_div/clk_IBUF_BUFG
    SLICE_X31Y48         FDCE                                         r  clk_div/counter_reg[5]/C
  -------------------------------------------------------------------    -------------------
    SLICE_X31Y48         FDCE (Prop_fdce_C_Q)         0.456     5.543 r  clk_div/counter_reg[5]/Q
                         net (fo=26, routed)          0.712     6.256    clk_div/counter[5]
    SLICE_X32Y48         CARRY4 (Prop_carry4_S[0]_CO[3])
                                                      0.656     6.912 r  clk_div/counter0_carry__0/CO[3]
                         net (fo=1, routed)           0.000     6.912    clk_div/counter0_carry__0_n_0
    SLICE_X32Y49         CARRY4 (Prop_carry4_CI_CO[3])
                                                      0.114     7.026 r  clk_div/counter0_carry__1/CO[3]
                         net (fo=1, routed)           0.001     7.026    clk_div/counter0_carry__1_n_0
    SLICE_X32Y50         CARRY4 (Prop_carry4_CI_CO[3])
                                                      0.114     7.140 r  clk_div/counter0_carry__2/CO[3]
                         net (fo=1, routed)           0.000     7.140    clk_div/counter0_carry__2_n_0
    SLICE_X32Y51         CARRY4 (Prop_carry4_CI_CO[3])
                                                      0.114     7.254 r  clk_div/counter0_carry__3/CO[3]
                         net (fo=1, routed)           0.000     7.254    clk_div/counter0_carry__3_n_0
    SLICE_X32Y52         CARRY4 (Prop_carry4_CI_O[2])
                                                      0.239     7.493 r  clk_div/counter0_carry__4/O[2]
                         net (fo=1, routed)           0.575     8.068    clk_div/data0[23]
    SLICE_X33Y52         LUT6 (Prop_lut6_I5_O)        0.302     8.370 r  clk_div/counter[23]_i_1/O
                         net (fo=1, routed)           0.000     8.370    clk_div/counter_0[23]
    SLICE_X33Y52         FDCE                                         r  clk_div/counter_reg[23]/D
  -------------------------------------------------------------------    -------------------

                         (clock sys_clk rise edge)   10.000    10.000 r  
    W5                                                0.000    10.000 r  clk (IN)
                         net (fo=0)                   0.000    10.000    clk
    W5                   IBUF (Prop_ibuf_I_O)         1.388    11.388 r  clk_IBUF_inst/O
                         net (fo=1, routed)           1.862    13.250    clk_IBUF
    BUFGCTRL_X0Y1        BUFG (Prop_bufg_I_O)         0.091    13.341 r  clk_IBUF_BUFG_inst/O
                         net (fo=46, routed)          1.436    14.777    clk_div/clk_IBUF_BUFG
    SLICE_X33Y52         FDCE                                         r  clk_div/counter_reg[23]/C
                         clock pessimism              0.180    14.957    
                         clock uncertainty           -0.035    14.921    
    SLICE_X33Y52         FDCE (Setup_fdce_C_D)        0.031    14.952    clk_div/counter_reg[23]
  -------------------------------------------------------------------
                         required time                         14.952    
                         arrival time                          -8.370    
  -------------------------------------------------------------------
                         slack                                  6.582    

Slack (MET) :             6.588ns  (required time - arrival time)
  Source:                 clk_div/counter_reg[5]/C
                            (rising edge-triggered cell FDCE clocked by sys_clk  {rise@0.000ns fall@5.000ns period=10.000ns})
  Destination:            clk_div/counter_reg[12]/D
                            (rising edge-triggered cell FDCE clocked by sys_clk  {rise@0.000ns fall@5.000ns period=10.000ns})
  Path Group:             sys_clk
  Path Type:              Setup (Max at Slow Process Corner)
  Requirement:            10.000ns  (sys_clk rise@10.000ns - sys_clk rise@0.000ns)
  Data Path Delay:        3.382ns  (logic 1.731ns (51.177%)  route 1.651ns (48.823%))
  Logic Levels:           3  (CARRY4=2 LUT6=1)
  Clock Path Skew:        -0.025ns (DCD - SCD + CPR)
    Destination Clock Delay (DCD):    4.787ns = ( 14.787 - 10.000 ) 
    Source Clock Delay      (SCD):    5.087ns
    Clock Pessimism Removal (CPR):    0.275ns
  Clock Uncertainty:      0.035ns  ((TSJ^2 + TIJ^2)^1/2 + DJ) / 2 + PE
    Total System Jitter     (TSJ):    0.071ns
    Total Input Jitter      (TIJ):    0.000ns
    Discrete Jitter          (DJ):    0.000ns
    Phase Error              (PE):    0.000ns

    Location             Delay type                Incr(ns)  Path(ns)    Netlist Resource(s)
  -------------------------------------------------------------------    -------------------
                         (clock sys_clk rise edge)    0.000     0.000 r  
    W5                                                0.000     0.000 r  clk (IN)
                         net (fo=0)                   0.000     0.000    clk
    W5                   IBUF (Prop_ibuf_I_O)         1.458     1.458 r  clk_IBUF_inst/O
                         net (fo=1, routed)           1.967     3.425    clk_IBUF
    BUFGCTRL_X0Y1        BUFG (Prop_bufg_I_O)         0.096     3.521 r  clk_IBUF_BUFG_inst/O
                         net (fo=46, routed)          1.566     5.087    clk_div/clk_IBUF_BUFG
    SLICE_X31Y48         FDCE                                         r  clk_div/counter_reg[5]/C
  -------------------------------------------------------------------    -------------------
    SLICE_X31Y48         FDCE (Prop_fdce_C_Q)         0.456     5.543 r  clk_div/counter_reg[5]/Q
                         net (fo=26, routed)          0.712     6.256    clk_div/counter[5]
    SLICE_X32Y48         CARRY4 (Prop_carry4_S[0]_CO[3])
                                                      0.656     6.912 r  clk_div/counter0_carry__0/CO[3]
                         net (fo=1, routed)           0.000     6.912    clk_div/counter0_carry__0_n_0
    SLICE_X32Y49         CARRY4 (Prop_carry4_CI_O[3])
                                                      0.313     7.225 r  clk_div/counter0_carry__1/O[3]
                         net (fo=1, routed)           0.939     8.164    clk_div/data0[12]
    SLICE_X33Y49         LUT6 (Prop_lut6_I5_O)        0.306     8.470 r  clk_div/counter[12]_i_1/O
                         net (fo=1, routed)           0.000     8.470    clk_div/counter_0[12]
    SLICE_X33Y49         FDCE                                         r  clk_div/counter_reg[12]/D
  -------------------------------------------------------------------    -------------------

                         (clock sys_clk rise edge)   10.000    10.000 r  
    W5                                                0.000    10.000 r  clk (IN)
                         net (fo=0)                   0.000    10.000    clk
    W5                   IBUF (Prop_ibuf_I_O)         1.388    11.388 r  clk_IBUF_inst/O
                         net (fo=1, routed)           1.862    13.250    clk_IBUF
    BUFGCTRL_X0Y1        BUFG (Prop_bufg_I_O)         0.091    13.341 r  clk_IBUF_BUFG_inst/O
                         net (fo=46, routed)          1.446    14.787    clk_div/clk_IBUF_BUFG
    SLICE_X33Y49         FDCE                                         r  clk_div/counter_reg[12]/C
                         clock pessimism              0.275    15.062    
                         clock uncertainty           -0.035    15.027    
    SLICE_X33Y49         FDCE (Setup_fdce_C_D)        0.031    15.058    clk_div/counter_reg[12]
  -------------------------------------------------------------------
                         required time                         15.058    
                         arrival time                          -8.470    
  -------------------------------------------------------------------
                         slack                                  6.588    

Slack (MET) :             6.708ns  (required time - arrival time)
  Source:                 clk_div/counter_reg[5]/C
                            (rising edge-triggered cell FDCE clocked by sys_clk  {rise@0.000ns fall@5.000ns period=10.000ns})
  Destination:            clk_div/counter_reg[14]/D
                            (rising edge-triggered cell FDCE clocked by sys_clk  {rise@0.000ns fall@5.000ns period=10.000ns})
  Path Group:             sys_clk
  Path Type:              Setup (Max at Slow Process Corner)
  Requirement:            10.000ns  (sys_clk rise@10.000ns - sys_clk rise@0.000ns)
  Data Path Delay:        3.157ns  (logic 1.863ns (59.004%)  route 1.294ns (40.996%))
  Logic Levels:           4  (CARRY4=3 LUT6=1)
  Clock Path Skew:        -0.131ns (DCD - SCD + CPR)
    Destination Clock Delay (DCD):    4.777ns = ( 14.777 - 10.000 ) 
    Source Clock Delay      (SCD):    5.087ns
    Clock Pessimism Removal (CPR):    0.180ns
  Clock Uncertainty:      0.035ns  ((TSJ^2 + TIJ^2)^1/2 + DJ) / 2 + PE
    Total System Jitter     (TSJ):    0.071ns
    Total Input Jitter      (TIJ):    0.000ns
    Discrete Jitter          (DJ):    0.000ns
    Phase Error              (PE):    0.000ns

    Location             Delay type                Incr(ns)  Path(ns)    Netlist Resource(s)
  -------------------------------------------------------------------    -------------------
                         (clock sys_clk rise edge)    0.000     0.000 r  
    W5                                                0.000     0.000 r  clk (IN)
                         net (fo=0)                   0.000     0.000    clk
    W5                   IBUF (Prop_ibuf_I_O)         1.458     1.458 r  clk_IBUF_inst/O
                         net (fo=1, routed)           1.967     3.425    clk_IBUF
    BUFGCTRL_X0Y1        BUFG (Prop_bufg_I_O)         0.096     3.521 r  clk_IBUF_BUFG_inst/O
                         net (fo=46, routed)          1.566     5.087    clk_div/clk_IBUF_BUFG
    SLICE_X31Y48         FDCE                                         r  clk_div/counter_reg[5]/C
  -------------------------------------------------------------------    -------------------
    SLICE_X31Y48         FDCE (Prop_fdce_C_Q)         0.456     5.543 r  clk_div/counter_reg[5]/Q
                         net (fo=26, routed)          0.712     6.256    clk_div/counter[5]
    SLICE_X32Y48         CARRY4 (Prop_carry4_S[0]_CO[3])
                                                      0.656     6.912 r  clk_div/counter0_carry__0/CO[3]
                         net (fo=1, routed)           0.000     6.912    clk_div/counter0_carry__0_n_0
    SLICE_X32Y49         CARRY4 (Prop_carry4_CI_CO[3])
                                                      0.114     7.026 r  clk_div/counter0_carry__1/CO[3]
                         net (fo=1, routed)           0.001     7.026    clk_div/counter0_carry__1_n_0
    SLICE_X32Y50         CARRY4 (Prop_carry4_CI_O[1])
                                                      0.334     7.360 r  clk_div/counter0_carry__2/O[1]
                         net (fo=1, routed)           0.581     7.942    clk_div/data0[14]
    SLICE_X33Y50         LUT6 (Prop_lut6_I5_O)        0.303     8.245 r  clk_div/counter[14]_i_1/O
                         net (fo=1, routed)           0.000     8.245    clk_div/counter_0[14]
    SLICE_X33Y50         FDCE                                         r  clk_div/counter_reg[14]/D
  -------------------------------------------------------------------    -------------------

                         (clock sys_clk rise edge)   10.000    10.000 r  
    W5                                                0.000    10.000 r  clk (IN)
                         net (fo=0)                   0.000    10.000    clk
    W5                   IBUF (Prop_ibuf_I_O)         1.388    11.388 r  clk_IBUF_inst/O
                         net (fo=1, routed)           1.862    13.250    clk_IBUF
    BUFGCTRL_X0Y1        BUFG (Prop_bufg_I_O)         0.091    13.341 r  clk_IBUF_BUFG_inst/O
                         net (fo=46, routed)          1.436    14.777    clk_div/clk_IBUF_BUFG
    SLICE_X33Y50         FDCE                                         r  clk_div/counter_reg[14]/C
                         clock pessimism              0.180    14.957    
                         clock uncertainty           -0.035    14.921    
    SLICE_X33Y50         FDCE (Setup_fdce_C_D)        0.031    14.952    clk_div/counter_reg[14]
  -------------------------------------------------------------------
                         required time                         14.952    
                         arrival time                          -8.245    
  -------------------------------------------------------------------
                         slack                                  6.708    





Min Delay Paths
--------------------------------------------------------------------------------------
Slack (MET) :             0.229ns  (arrival time - required time)
  Source:                 clk_div/counter_reg[23]/C
                            (rising edge-triggered cell FDCE clocked by sys_clk  {rise@0.000ns fall@5.000ns period=10.000ns})
  Destination:            clk_div/counter_reg[4]/D
                            (rising edge-triggered cell FDCE clocked by sys_clk  {rise@0.000ns fall@5.000ns period=10.000ns})
  Path Group:             sys_clk
  Path Type:              Hold (Min at Fast Process Corner)
  Requirement:            0.000ns  (sys_clk rise@0.000ns - sys_clk rise@0.000ns)
  Data Path Delay:        0.592ns  (logic 0.186ns (31.424%)  route 0.406ns (68.576%))
  Logic Levels:           1  (LUT6=1)
  Clock Path Skew:        0.271ns (DCD - SCD - CPR)
    Destination Clock Delay (DCD):    1.960ns
    Source Clock Delay      (SCD):    1.445ns
    Clock Pessimism Removal (CPR):    0.244ns

    Location             Delay type                Incr(ns)  Path(ns)    Netlist Resource(s)
  -------------------------------------------------------------------    -------------------
                         (clock sys_clk rise edge)    0.000     0.000 r  
    W5                                                0.000     0.000 r  clk (IN)
                         net (fo=0)                   0.000     0.000    clk
    W5                   IBUF (Prop_ibuf_I_O)         0.226     0.226 r  clk_IBUF_inst/O
                         net (fo=1, routed)           0.631     0.858    clk_IBUF
    BUFGCTRL_X0Y1        BUFG (Prop_bufg_I_O)         0.026     0.884 r  clk_IBUF_BUFG_inst/O
                         net (fo=46, routed)          0.562     1.445    clk_div/clk_IBUF_BUFG
    SLICE_X33Y52         FDCE                                         r  clk_div/counter_reg[23]/C
  -------------------------------------------------------------------    -------------------
    SLICE_X33Y52         FDCE (Prop_fdce_C_Q)         0.141     1.586 f  clk_div/counter_reg[23]/Q
                         net (fo=26, routed)          0.406     1.992    clk_div/counter[23]
    SLICE_X33Y47         LUT6 (Prop_lut6_I0_O)        0.045     2.037 r  clk_div/counter[4]_i_1/O
                         net (fo=1, routed)           0.000     2.037    clk_div/counter_0[4]
    SLICE_X33Y47         FDCE                                         r  clk_div/counter_reg[4]/D
  -------------------------------------------------------------------    -------------------

                         (clock sys_clk rise edge)    0.000     0.000 r  
    W5                                                0.000     0.000 r  clk (IN)
                         net (fo=0)                   0.000     0.000    clk
    W5                   IBUF (Prop_ibuf_I_O)         0.414     0.414 r  clk_IBUF_inst/O
                         net (fo=1, routed)           0.685     1.099    clk_IBUF
    BUFGCTRL_X0Y1        BUFG (Prop_bufg_I_O)         0.029     1.128 r  clk_IBUF_BUFG_inst/O
                         net (fo=46, routed)          0.833     1.960    clk_div/clk_IBUF_BUFG
    SLICE_X33Y47         FDCE                                         r  clk_div/counter_reg[4]/C
                         clock pessimism             -0.244     1.716    
    SLICE_X33Y47         FDCE (Hold_fdce_C_D)         0.092     1.808    clk_div/counter_reg[4]
  -------------------------------------------------------------------
                         required time                         -1.808    
                         arrival time                           2.037    
  -------------------------------------------------------------------
                         slack                                  0.229    

Slack (MET) :             0.249ns  (arrival time - required time)
  Source:                 rst_sync1_reg/C
                            (rising edge-triggered cell FDRE clocked by sys_clk  {rise@0.000ns fall@5.000ns period=10.000ns})
  Destination:            rst_sync2_reg/D
                            (rising edge-triggered cell FDRE clocked by sys_clk  {rise@0.000ns fall@5.000ns period=10.000ns})
  Path Group:             sys_clk
  Path Type:              Hold (Min at Fast Process Corner)
  Requirement:            0.000ns  (sys_clk rise@0.000ns - sys_clk rise@0.000ns)
  Data Path Delay:        0.315ns  (logic 0.141ns (44.783%)  route 0.174ns (55.217%))
  Logic Levels:           0  
  Clock Path Skew:        0.000ns (DCD - SCD - CPR)
    Destination Clock Delay (DCD):    1.948ns
    Source Clock Delay      (SCD):    1.436ns
    Clock Pessimism Removal (CPR):    0.512ns

    Location             Delay type                Incr(ns)  Path(ns)    Netlist Resource(s)
  -------------------------------------------------------------------    -------------------
                         (clock sys_clk rise edge)    0.000     0.000 r  
    W5                                                0.000     0.000 r  clk (IN)
                         net (fo=0)                   0.000     0.000    clk
    W5                   IBUF (Prop_ibuf_I_O)         0.226     0.226 r  clk_IBUF_inst/O
                         net (fo=1, routed)           0.631     0.858    clk_IBUF
    BUFGCTRL_X0Y1        BUFG (Prop_bufg_I_O)         0.026     0.884 r  clk_IBUF_BUFG_inst/O
                         net (fo=46, routed)          0.553     1.436    clk_IBUF_BUFG
    SLICE_X28Y21         FDRE                                         r  rst_sync1_reg/C
  -------------------------------------------------------------------    -------------------
    SLICE_X28Y21         FDRE (Prop_fdre_C_Q)         0.141     1.577 r  rst_sync1_reg/Q
                         net (fo=1, routed)           0.174     1.751    rst_sync1
    SLICE_X28Y21         FDRE                                         r  rst_sync2_reg/D
  -------------------------------------------------------------------    -------------------

                         (clock sys_clk rise edge)    0.000     0.000 r  
    W5                                                0.000     0.000 r  clk (IN)
                         net (fo=0)                   0.000     0.000    clk
    W5                   IBUF (Prop_ibuf_I_O)         0.414     0.414 r  clk_IBUF_inst/O
                         net (fo=1, routed)           0.685     1.099    clk_IBUF
    BUFGCTRL_X0Y1        BUFG (Prop_bufg_I_O)         0.029     1.128 r  clk_IBUF_BUFG_inst/O
                         net (fo=46, routed)          0.821     1.948    clk_IBUF_BUFG
    SLICE_X28Y21         FDRE                                         r  rst_sync2_reg/C
                         clock pessimism             -0.512     1.436    
    SLICE_X28Y21         FDRE (Hold_fdre_C_D)         0.066     1.502    rst_sync2_reg
  -------------------------------------------------------------------
                         required time                         -1.502    
                         arrival time                           1.751    
  -------------------------------------------------------------------
                         slack                                  0.249    

Slack (MET) :             0.254ns  (arrival time - required time)
  Source:                 ssd/refresh_counter_reg[10]/C
                            (rising edge-triggered cell FDCE clocked by sys_clk  {rise@0.000ns fall@5.000ns period=10.000ns})
  Destination:            ssd/refresh_counter_reg[10]/D
                            (rising edge-triggered cell FDCE clocked by sys_clk  {rise@0.000ns fall@5.000ns period=10.000ns})
  Path Group:             sys_clk
  Path Type:              Hold (Min at Fast Process Corner)
  Requirement:            0.000ns  (sys_clk rise@0.000ns - sys_clk rise@0.000ns)
  Data Path Delay:        0.388ns  (logic 0.274ns (70.550%)  route 0.114ns (29.450%))
  Logic Levels:           1  (CARRY4=1)
  Clock Path Skew:        0.000ns (DCD - SCD - CPR)
    Destination Clock Delay (DCD):    1.949ns
    Source Clock Delay      (SCD):    1.437ns
    Clock Pessimism Removal (CPR):    0.512ns

    Location             Delay type                Incr(ns)  Path(ns)    Netlist Resource(s)
  -------------------------------------------------------------------    -------------------
                         (clock sys_clk rise edge)    0.000     0.000 r  
    W5                                                0.000     0.000 r  clk (IN)
                         net (fo=0)                   0.000     0.000    clk
    W5                   IBUF (Prop_ibuf_I_O)         0.226     0.226 r  clk_IBUF_inst/O
                         net (fo=1, routed)           0.631     0.858    clk_IBUF
    BUFGCTRL_X0Y1        BUFG (Prop_bufg_I_O)         0.026     0.884 r  clk_IBUF_BUFG_inst/O
                         net (fo=46, routed)          0.554     1.437    ssd/clk_IBUF_BUFG
    SLICE_X54Y26         FDCE                                         r  ssd/refresh_counter_reg[10]/C
  -------------------------------------------------------------------    -------------------
    SLICE_X54Y26         FDCE (Prop_fdce_C_Q)         0.164     1.601 r  ssd/refresh_counter_reg[10]/Q
                         net (fo=1, routed)           0.114     1.716    ssd/refresh_counter_reg_n_0_[10]
    SLICE_X54Y26         CARRY4 (Prop_carry4_S[2]_O[2])
                                                      0.110     1.826 r  ssd/refresh_counter_reg[8]_i_1/O[2]
                         net (fo=1, routed)           0.000     1.826    ssd/refresh_counter_reg[8]_i_1_n_5
    SLICE_X54Y26         FDCE                                         r  ssd/refresh_counter_reg[10]/D
  -------------------------------------------------------------------    -------------------

                         (clock sys_clk rise edge)    0.000     0.000 r  
    W5                                                0.000     0.000 r  clk (IN)
                         net (fo=0)                   0.000     0.000    clk
    W5                   IBUF (Prop_ibuf_I_O)         0.414     0.414 r  clk_IBUF_inst/O
                         net (fo=1, routed)           0.685     1.099    clk_IBUF
    BUFGCTRL_X0Y1        BUFG (Prop_bufg_I_O)         0.029     1.128 r  clk_IBUF_BUFG_inst/O
                         net (fo=46, routed)          0.822     1.949    ssd/clk_IBUF_BUFG
    SLICE_X54Y26         FDCE                                         r  ssd/refresh_counter_reg[10]/C
                         clock pessimism             -0.512     1.437    
    SLICE_X54Y26         FDCE (Hold_fdce_C_D)         0.134     1.571    ssd/refresh_counter_reg[10]
  -------------------------------------------------------------------
                         required time                         -1.571    
                         arrival time                           1.826    
  -------------------------------------------------------------------
                         slack                                  0.254    

Slack (MET) :             0.254ns  (arrival time - required time)
  Source:                 ssd/refresh_counter_reg[14]/C
                            (rising edge-triggered cell FDCE clocked by sys_clk  {rise@0.000ns fall@5.000ns period=10.000ns})
  Destination:            ssd/refresh_counter_reg[14]/D
                            (rising edge-triggered cell FDCE clocked by sys_clk  {rise@0.000ns fall@5.000ns period=10.000ns})
  Path Group:             sys_clk
  Path Type:              Hold (Min at Fast Process Corner)
  Requirement:            0.000ns  (sys_clk rise@0.000ns - sys_clk rise@0.000ns)
  Data Path Delay:        0.388ns  (logic 0.274ns (70.550%)  route 0.114ns (29.450%))
  Logic Levels:           1  (CARRY4=1)
  Clock Path Skew:        0.000ns (DCD - SCD - CPR)
    Destination Clock Delay (DCD):    1.951ns
    Source Clock Delay      (SCD):    1.439ns
    Clock Pessimism Removal (CPR):    0.512ns

    Location             Delay type                Incr(ns)  Path(ns)    Netlist Resource(s)
  -------------------------------------------------------------------    -------------------
                         (clock sys_clk rise edge)    0.000     0.000 r  
    W5                                                0.000     0.000 r  clk (IN)
                         net (fo=0)                   0.000     0.000    clk
    W5                   IBUF (Prop_ibuf_I_O)         0.226     0.226 r  clk_IBUF_inst/O
                         net (fo=1, routed)           0.631     0.858    clk_IBUF
    BUFGCTRL_X0Y1        BUFG (Prop_bufg_I_O)         0.026     0.884 r  clk_IBUF_BUFG_inst/O
                         net (fo=46, routed)          0.556     1.439    ssd/clk_IBUF_BUFG
    SLICE_X54Y27         FDCE                                         r  ssd/refresh_counter_reg[14]/C
  -------------------------------------------------------------------    -------------------
    SLICE_X54Y27         FDCE (Prop_fdce_C_Q)         0.164     1.603 r  ssd/refresh_counter_reg[14]/Q
                         net (fo=1, routed)           0.114     1.718    ssd/refresh_counter_reg_n_0_[14]
    SLICE_X54Y27         CARRY4 (Prop_carry4_S[2]_O[2])
                                                      0.110     1.828 r  ssd/refresh_counter_reg[12]_i_1/O[2]
                         net (fo=1, routed)           0.000     1.828    ssd/refresh_counter_reg[12]_i_1_n_5
    SLICE_X54Y27         FDCE                                         r  ssd/refresh_counter_reg[14]/D
  -------------------------------------------------------------------    -------------------

                         (clock sys_clk rise edge)    0.000     0.000 r  
    W5                                                0.000     0.000 r  clk (IN)
                         net (fo=0)                   0.000     0.000    clk
    W5                   IBUF (Prop_ibuf_I_O)         0.414     0.414 r  clk_IBUF_inst/O
                         net (fo=1, routed)           0.685     1.099    clk_IBUF
    BUFGCTRL_X0Y1        BUFG (Prop_bufg_I_O)         0.029     1.128 r  clk_IBUF_BUFG_inst/O
                         net (fo=46, routed)          0.824     1.951    ssd/clk_IBUF_BUFG
    SLICE_X54Y27         FDCE                                         r  ssd/refresh_counter_reg[14]/C
                         clock pessimism             -0.512     1.439    
    SLICE_X54Y27         FDCE (Hold_fdce_C_D)         0.134     1.573    ssd/refresh_counter_reg[14]
  -------------------------------------------------------------------
                         required time                         -1.573    
                         arrival time                           1.828    
  -------------------------------------------------------------------
                         slack                                  0.254    

Slack (MET) :             0.254ns  (arrival time - required time)
  Source:                 ssd/refresh_counter_reg[2]/C
                            (rising edge-triggered cell FDCE clocked by sys_clk  {rise@0.000ns fall@5.000ns period=10.000ns})
  Destination:            ssd/refresh_counter_reg[2]/D
                            (rising edge-triggered cell FDCE clocked by sys_clk  {rise@0.000ns fall@5.000ns period=10.000ns})
  Path Group:             sys_clk
  Path Type:              Hold (Min at Fast Process Corner)
  Requirement:            0.000ns  (sys_clk rise@0.000ns - sys_clk rise@0.000ns)
  Data Path Delay:        0.388ns  (logic 0.274ns (70.550%)  route 0.114ns (29.450%))
  Logic Levels:           1  (CARRY4=1)
  Clock Path Skew:        0.000ns (DCD - SCD - CPR)
    Destination Clock Delay (DCD):    1.948ns
    Source Clock Delay      (SCD):    1.436ns
    Clock Pessimism Removal (CPR):    0.512ns

    Location             Delay type                Incr(ns)  Path(ns)    Netlist Resource(s)
  -------------------------------------------------------------------    -------------------
                         (clock sys_clk rise edge)    0.000     0.000 r  
    W5                                                0.000     0.000 r  clk (IN)
                         net (fo=0)                   0.000     0.000    clk
    W5                   IBUF (Prop_ibuf_I_O)         0.226     0.226 r  clk_IBUF_inst/O
                         net (fo=1, routed)           0.631     0.858    clk_IBUF
    BUFGCTRL_X0Y1        BUFG (Prop_bufg_I_O)         0.026     0.884 r  clk_IBUF_BUFG_inst/O
                         net (fo=46, routed)          0.553     1.436    ssd/clk_IBUF_BUFG
    SLICE_X54Y24         FDCE                                         r  ssd/refresh_counter_reg[2]/C
  -------------------------------------------------------------------    -------------------
    SLICE_X54Y24         FDCE (Prop_fdce_C_Q)         0.164     1.600 r  ssd/refresh_counter_reg[2]/Q
                         net (fo=1, routed)           0.114     1.715    ssd/refresh_counter_reg_n_0_[2]
    SLICE_X54Y24         CARRY4 (Prop_carry4_S[2]_O[2])
                                                      0.110     1.825 r  ssd/refresh_counter_reg[0]_i_1/O[2]
                         net (fo=1, routed)           0.000     1.825    ssd/refresh_counter_reg[0]_i_1_n_5
    SLICE_X54Y24         FDCE                                         r  ssd/refresh_counter_reg[2]/D
  -------------------------------------------------------------------    -------------------

                         (clock sys_clk rise edge)    0.000     0.000 r  
    W5                                                0.000     0.000 r  clk (IN)
                         net (fo=0)                   0.000     0.000    clk
    W5                   IBUF (Prop_ibuf_I_O)         0.414     0.414 r  clk_IBUF_inst/O
                         net (fo=1, routed)           0.685     1.099    clk_IBUF
    BUFGCTRL_X0Y1        BUFG (Prop_bufg_I_O)         0.029     1.128 r  clk_IBUF_BUFG_inst/O
                         net (fo=46, routed)          0.821     1.948    ssd/clk_IBUF_BUFG
    SLICE_X54Y24         FDCE                                         r  ssd/refresh_counter_reg[2]/C
                         clock pessimism             -0.512     1.436    
    SLICE_X54Y24         FDCE (Hold_fdce_C_D)         0.134     1.570    ssd/refresh_counter_reg[2]
  -------------------------------------------------------------------
                         required time                         -1.570    
                         arrival time                           1.825    
  -------------------------------------------------------------------
                         slack                                  0.254    

Slack (MET) :             0.254ns  (arrival time - required time)
  Source:                 ssd/refresh_counter_reg[6]/C
                            (rising edge-triggered cell FDCE clocked by sys_clk  {rise@0.000ns fall@5.000ns period=10.000ns})
  Destination:            ssd/refresh_counter_reg[6]/D
                            (rising edge-triggered cell FDCE clocked by sys_clk  {rise@0.000ns fall@5.000ns period=10.000ns})
  Path Group:             sys_clk
  Path Type:              Hold (Min at Fast Process Corner)
  Requirement:            0.000ns  (sys_clk rise@0.000ns - sys_clk rise@0.000ns)
  Data Path Delay:        0.388ns  (logic 0.274ns (70.550%)  route 0.114ns (29.450%))
  Logic Levels:           1  (CARRY4=1)
  Clock Path Skew:        0.000ns (DCD - SCD - CPR)
    Destination Clock Delay (DCD):    1.948ns
    Source Clock Delay      (SCD):    1.436ns
    Clock Pessimism Removal (CPR):    0.512ns

    Location             Delay type                Incr(ns)  Path(ns)    Netlist Resource(s)
  -------------------------------------------------------------------    -------------------
                         (clock sys_clk rise edge)    0.000     0.000 r  
    W5                                                0.000     0.000 r  clk (IN)
                         net (fo=0)                   0.000     0.000    clk
    W5                   IBUF (Prop_ibuf_I_O)         0.226     0.226 r  clk_IBUF_inst/O
                         net (fo=1, routed)           0.631     0.858    clk_IBUF
    BUFGCTRL_X0Y1        BUFG (Prop_bufg_I_O)         0.026     0.884 r  clk_IBUF_BUFG_inst/O
                         net (fo=46, routed)          0.553     1.436    ssd/clk_IBUF_BUFG
    SLICE_X54Y25         FDCE                                         r  ssd/refresh_counter_reg[6]/C
  -------------------------------------------------------------------    -------------------
    SLICE_X54Y25         FDCE (Prop_fdce_C_Q)         0.164     1.600 r  ssd/refresh_counter_reg[6]/Q
                         net (fo=1, routed)           0.114     1.715    ssd/refresh_counter_reg_n_0_[6]
    SLICE_X54Y25         CARRY4 (Prop_carry4_S[2]_O[2])
                                                      0.110     1.825 r  ssd/refresh_counter_reg[4]_i_1/O[2]
                         net (fo=1, routed)           0.000     1.825    ssd/refresh_counter_reg[4]_i_1_n_5
    SLICE_X54Y25         FDCE                                         r  ssd/refresh_counter_reg[6]/D
  -------------------------------------------------------------------    -------------------

                         (clock sys_clk rise edge)    0.000     0.000 r  
    W5                                                0.000     0.000 r  clk (IN)
                         net (fo=0)                   0.000     0.000    clk
    W5                   IBUF (Prop_ibuf_I_O)         0.414     0.414 r  clk_IBUF_inst/O
                         net (fo=1, routed)           0.685     1.099    clk_IBUF
    BUFGCTRL_X0Y1        BUFG (Prop_bufg_I_O)         0.029     1.128 r  clk_IBUF_BUFG_inst/O
                         net (fo=46, routed)          0.821     1.948    ssd/clk_IBUF_BUFG
    SLICE_X54Y25         FDCE                                         r  ssd/refresh_counter_reg[6]/C
                         clock pessimism             -0.512     1.436    
    SLICE_X54Y25         FDCE (Hold_fdce_C_D)         0.134     1.570    ssd/refresh_counter_reg[6]
  -------------------------------------------------------------------
                         required time                         -1.570    
                         arrival time                           1.825    
  -------------------------------------------------------------------
                         slack                                  0.254    

Slack (MET) :             0.263ns  (arrival time - required time)
  Source:                 clk_div/counter_reg[23]/C
                            (rising edge-triggered cell FDCE clocked by sys_clk  {rise@0.000ns fall@5.000ns period=10.000ns})
  Destination:            clk_div/counter_reg[19]/D
                            (rising edge-triggered cell FDCE clocked by sys_clk  {rise@0.000ns fall@5.000ns period=10.000ns})
  Path Group:             sys_clk
  Path Type:              Hold (Min at Fast Process Corner)
  Requirement:            0.000ns  (sys_clk rise@0.000ns - sys_clk rise@0.000ns)
  Data Path Delay:        0.371ns  (logic 0.186ns (50.130%)  route 0.185ns (49.870%))
  Logic Levels:           1  (LUT6=1)
  Clock Path Skew:        0.016ns (DCD - SCD - CPR)
    Destination Clock Delay (DCD):    1.958ns
    Source Clock Delay      (SCD):    1.445ns
    Clock Pessimism Removal (CPR):    0.497ns

    Location             Delay type                Incr(ns)  Path(ns)    Netlist Resource(s)
  -------------------------------------------------------------------    -------------------
                         (clock sys_clk rise edge)    0.000     0.000 r  
    W5                                                0.000     0.000 r  clk (IN)
                         net (fo=0)                   0.000     0.000    clk
    W5                   IBUF (Prop_ibuf_I_O)         0.226     0.226 r  clk_IBUF_inst/O
                         net (fo=1, routed)           0.631     0.858    clk_IBUF
    BUFGCTRL_X0Y1        BUFG (Prop_bufg_I_O)         0.026     0.884 r  clk_IBUF_BUFG_inst/O
                         net (fo=46, routed)          0.562     1.445    clk_div/clk_IBUF_BUFG
    SLICE_X33Y52         FDCE                                         r  clk_div/counter_reg[23]/C
  -------------------------------------------------------------------    -------------------
    SLICE_X33Y52         FDCE (Prop_fdce_C_Q)         0.141     1.586 f  clk_div/counter_reg[23]/Q
                         net (fo=26, routed)          0.185     1.771    clk_div/counter[23]
    SLICE_X33Y51         LUT6 (Prop_lut6_I0_O)        0.045     1.816 r  clk_div/counter[19]_i_1/O
                         net (fo=1, routed)           0.000     1.816    clk_div/counter_0[19]
    SLICE_X33Y51         FDCE                                         r  clk_div/counter_reg[19]/D
  -------------------------------------------------------------------    -------------------

                         (clock sys_clk rise edge)    0.000     0.000 r  
    W5                                                0.000     0.000 r  clk (IN)
                         net (fo=0)                   0.000     0.000    clk
    W5                   IBUF (Prop_ibuf_I_O)         0.414     0.414 r  clk_IBUF_inst/O
                         net (fo=1, routed)           0.685     1.099    clk_IBUF
    BUFGCTRL_X0Y1        BUFG (Prop_bufg_I_O)         0.029     1.128 r  clk_IBUF_BUFG_inst/O
                         net (fo=46, routed)          0.830     1.958    clk_div/clk_IBUF_BUFG
    SLICE_X33Y51         FDCE                                         r  clk_div/counter_reg[19]/C
                         clock pessimism             -0.497     1.461    
    SLICE_X33Y51         FDCE (Hold_fdce_C_D)         0.092     1.553    clk_div/counter_reg[19]
  -------------------------------------------------------------------
                         required time                         -1.553    
                         arrival time                           1.816    
  -------------------------------------------------------------------
                         slack                                  0.263    

Slack (MET) :             0.265ns  (arrival time - required time)
  Source:                 clk_div/counter_reg[23]/C
                            (rising edge-triggered cell FDCE clocked by sys_clk  {rise@0.000ns fall@5.000ns period=10.000ns})
  Destination:            clk_div/counter_reg[18]/D
                            (rising edge-triggered cell FDCE clocked by sys_clk  {rise@0.000ns fall@5.000ns period=10.000ns})
  Path Group:             sys_clk
  Path Type:              Hold (Min at Fast Process Corner)
  Requirement:            0.000ns  (sys_clk rise@0.000ns - sys_clk rise@0.000ns)
  Data Path Delay:        0.372ns  (logic 0.186ns (49.995%)  route 0.186ns (50.005%))
  Logic Levels:           1  (LUT6=1)
  Clock Path Skew:        0.016ns (DCD - SCD - CPR)
    Destination Clock Delay (DCD):    1.958ns
    Source Clock Delay      (SCD):    1.445ns
    Clock Pessimism Removal (CPR):    0.497ns

    Location             Delay type                Incr(ns)  Path(ns)    Netlist Resource(s)
  -------------------------------------------------------------------    -------------------
                         (clock sys_clk rise edge)    0.000     0.000 r  
    W5                                                0.000     0.000 r  clk (IN)
                         net (fo=0)                   0.000     0.000    clk
    W5                   IBUF (Prop_ibuf_I_O)         0.226     0.226 r  clk_IBUF_inst/O
                         net (fo=1, routed)           0.631     0.858    clk_IBUF
    BUFGCTRL_X0Y1        BUFG (Prop_bufg_I_O)         0.026     0.884 r  clk_IBUF_BUFG_inst/O
                         net (fo=46, routed)          0.562     1.445    clk_div/clk_IBUF_BUFG
    SLICE_X33Y52         FDCE                                         r  clk_div/counter_reg[23]/C
  -------------------------------------------------------------------    -------------------
    SLICE_X33Y52         FDCE (Prop_fdce_C_Q)         0.141     1.586 f  clk_div/counter_reg[23]/Q
                         net (fo=26, routed)          0.186     1.772    clk_div/counter[23]
    SLICE_X33Y51         LUT6 (Prop_lut6_I0_O)        0.045     1.817 r  clk_div/counter[18]_i_1/O
                         net (fo=1, routed)           0.000     1.817    clk_div/counter_0[18]
    SLICE_X33Y51         FDCE                                         r  clk_div/counter_reg[18]/D
  -------------------------------------------------------------------    -------------------

                         (clock sys_clk rise edge)    0.000     0.000 r  
    W5                                                0.000     0.000 r  clk (IN)
                         net (fo=0)                   0.000     0.000    clk
    W5                   IBUF (Prop_ibuf_I_O)         0.414     0.414 r  clk_IBUF_inst/O
                         net (fo=1, routed)           0.685     1.099    clk_IBUF
    BUFGCTRL_X0Y1        BUFG (Prop_bufg_I_O)         0.029     1.128 r  clk_IBUF_BUFG_inst/O
                         net (fo=46, routed)          0.830     1.958    clk_div/clk_IBUF_BUFG
    SLICE_X33Y51         FDCE                                         r  clk_div/counter_reg[18]/C
                         clock pessimism             -0.497     1.461    
    SLICE_X33Y51         FDCE (Hold_fdce_C_D)         0.091     1.552    clk_div/counter_reg[18]
  -------------------------------------------------------------------
                         required time                         -1.552    
                         arrival time                           1.817    
  -------------------------------------------------------------------
                         slack                                  0.265    

Slack (MET) :             0.276ns  (arrival time - required time)
  Source:                 clk_div/counter_reg[3]/C
                            (rising edge-triggered cell FDCE clocked by sys_clk  {rise@0.000ns fall@5.000ns period=10.000ns})
  Destination:            clk_div/counter_reg[13]/D
                            (rising edge-triggered cell FDCE clocked by sys_clk  {rise@0.000ns fall@5.000ns period=10.000ns})
  Path Group:             sys_clk
  Path Type:              Hold (Min at Fast Process Corner)
  Requirement:            0.000ns  (sys_clk rise@0.000ns - sys_clk rise@0.000ns)
  Data Path Delay:        0.634ns  (logic 0.231ns (36.458%)  route 0.403ns (63.542%))
  Logic Levels:           2  (LUT4=1 LUT6=1)
  Clock Path Skew:        0.267ns (DCD - SCD - CPR)
    Destination Clock Delay (DCD):    1.958ns
    Source Clock Delay      (SCD):    1.447ns
    Clock Pessimism Removal (CPR):    0.244ns

    Location             Delay type                Incr(ns)  Path(ns)    Netlist Resource(s)
  -------------------------------------------------------------------    -------------------
                         (clock sys_clk rise edge)    0.000     0.000 r  
    W5                                                0.000     0.000 r  clk (IN)
                         net (fo=0)                   0.000     0.000    clk
    W5                   IBUF (Prop_ibuf_I_O)         0.226     0.226 r  clk_IBUF_inst/O
                         net (fo=1, routed)           0.631     0.858    clk_IBUF
    BUFGCTRL_X0Y1        BUFG (Prop_bufg_I_O)         0.026     0.884 r  clk_IBUF_BUFG_inst/O
                         net (fo=46, routed)          0.564     1.447    clk_div/clk_IBUF_BUFG
    SLICE_X33Y47         FDCE                                         r  clk_div/counter_reg[3]/C
  -------------------------------------------------------------------    -------------------
    SLICE_X33Y47         FDCE (Prop_fdce_C_Q)         0.141     1.588 f  clk_div/counter_reg[3]/Q
                         net (fo=2, routed)           0.164     1.753    clk_div/counter[3]
    SLICE_X31Y47         LUT4 (Prop_lut4_I0_O)        0.045     1.798 r  clk_div/counter[24]_i_2/O
                         net (fo=25, routed)          0.238     2.036    clk_div/counter[24]_i_2_n_0
    SLICE_X33Y50         LUT6 (Prop_lut6_I3_O)        0.045     2.081 r  clk_div/counter[13]_i_1/O
                         net (fo=1, routed)           0.000     2.081    clk_div/counter_0[13]
    SLICE_X33Y50         FDCE                                         r  clk_div/counter_reg[13]/D
  -------------------------------------------------------------------    -------------------

                         (clock sys_clk rise edge)    0.000     0.000 r  
    W5                                                0.000     0.000 r  clk (IN)
                         net (fo=0)                   0.000     0.000    clk
    W5                   IBUF (Prop_ibuf_I_O)         0.414     0.414 r  clk_IBUF_inst/O
                         net (fo=1, routed)           0.685     1.099    clk_IBUF
    BUFGCTRL_X0Y1        BUFG (Prop_bufg_I_O)         0.029     1.128 r  clk_IBUF_BUFG_inst/O
                         net (fo=46, routed)          0.830     1.958    clk_div/clk_IBUF_BUFG
    SLICE_X33Y50         FDCE                                         r  clk_div/counter_reg[13]/C
                         clock pessimism             -0.244     1.714    
    SLICE_X33Y50         FDCE (Hold_fdce_C_D)         0.091     1.805    clk_div/counter_reg[13]
  -------------------------------------------------------------------
                         required time                         -1.805    
                         arrival time                           2.081    
  -------------------------------------------------------------------
                         slack                                  0.276    

Slack (MET) :             0.276ns  (arrival time - required time)
  Source:                 clk_div/counter_reg[0]/C
                            (rising edge-triggered cell FDCE clocked by sys_clk  {rise@0.000ns fall@5.000ns period=10.000ns})
  Destination:            clk_div/counter_reg[0]/D
                            (rising edge-triggered cell FDCE clocked by sys_clk  {rise@0.000ns fall@5.000ns period=10.000ns})
  Path Group:             sys_clk
  Path Type:              Hold (Min at Fast Process Corner)
  Requirement:            0.000ns  (sys_clk rise@0.000ns - sys_clk rise@0.000ns)
  Data Path Delay:        0.396ns  (logic 0.209ns (52.720%)  route 0.187ns (47.280%))
  Logic Levels:           1  (LUT1=1)
  Clock Path Skew:        0.000ns (DCD - SCD - CPR)
    Destination Clock Delay (DCD):    1.959ns
    Source Clock Delay      (SCD):    1.446ns
    Clock Pessimism Removal (CPR):    0.513ns

    Location             Delay type                Incr(ns)  Path(ns)    Netlist Resource(s)
  -------------------------------------------------------------------    -------------------
                         (clock sys_clk rise edge)    0.000     0.000 r  
    W5                                                0.000     0.000 r  clk (IN)
                         net (fo=0)                   0.000     0.000    clk
    W5                   IBUF (Prop_ibuf_I_O)         0.226     0.226 r  clk_IBUF_inst/O
                         net (fo=1, routed)           0.631     0.858    clk_IBUF
    BUFGCTRL_X0Y1        BUFG (Prop_bufg_I_O)         0.026     0.884 r  clk_IBUF_BUFG_inst/O
                         net (fo=46, routed)          0.563     1.446    clk_div/clk_IBUF_BUFG
    SLICE_X34Y48         FDCE                                         r  clk_div/counter_reg[0]/C
  -------------------------------------------------------------------    -------------------
    SLICE_X34Y48         FDCE (Prop_fdce_C_Q)         0.164     1.610 f  clk_div/counter_reg[0]/Q
                         net (fo=3, routed)           0.187     1.798    clk_div/counter[0]
    SLICE_X34Y48         LUT1 (Prop_lut1_I0_O)        0.045     1.843 r  clk_div/counter[0]_i_1/O
                         net (fo=1, routed)           0.000     1.843    clk_div/counter_0[0]
    SLICE_X34Y48         FDCE                                         r  clk_div/counter_reg[0]/D
  -------------------------------------------------------------------    -------------------

                         (clock sys_clk rise edge)    0.000     0.000 r  
    W5                                                0.000     0.000 r  clk (IN)
                         net (fo=0)                   0.000     0.000    clk
    W5                   IBUF (Prop_ibuf_I_O)         0.414     0.414 r  clk_IBUF_inst/O
                         net (fo=1, routed)           0.685     1.099    clk_IBUF
    BUFGCTRL_X0Y1        BUFG (Prop_bufg_I_O)         0.029     1.128 r  clk_IBUF_BUFG_inst/O
                         net (fo=46, routed)          0.832     1.959    clk_div/clk_IBUF_BUFG
    SLICE_X34Y48         FDCE                                         r  clk_div/counter_reg[0]/C
                         clock pessimism             -0.513     1.446    
    SLICE_X34Y48         FDCE (Hold_fdce_C_D)         0.120     1.566    clk_div/counter_reg[0]
  -------------------------------------------------------------------
                         required time                         -1.566    
                         arrival time                           1.843    
  -------------------------------------------------------------------
                         slack                                  0.276    





Pulse Width Checks
--------------------------------------------------------------------------------------
Clock Name:         sys_clk
Waveform(ns):       { 0.000 5.000 }
Period(ns):         10.000
Sources:            { clk }

Check Type        Corner  Lib Pin  Reference Pin  Required(ns)  Actual(ns)  Slack(ns)  Location       Pin
Min Period        n/a     BUFG/I   n/a            2.155         10.000      7.845      BUFGCTRL_X0Y1  clk_IBUF_BUFG_inst/I
Min Period        n/a     FDCE/C   n/a            1.000         10.000      9.000      SLICE_X31Y48   clk_div/clk_out_reg/C
Min Period        n/a     FDCE/C   n/a            1.000         10.000      9.000      SLICE_X34Y48   clk_div/counter_reg[0]/C
Min Period        n/a     FDCE/C   n/a            1.000         10.000      9.000      SLICE_X33Y49   clk_div/counter_reg[10]/C
Min Period        n/a     FDCE/C   n/a            1.000         10.000      9.000      SLICE_X33Y49   clk_div/counter_reg[11]/C
Min Period        n/a     FDCE/C   n/a            1.000         10.000      9.000      SLICE_X33Y49   clk_div/counter_reg[12]/C
Min Period        n/a     FDCE/C   n/a            1.000         10.000      9.000      SLICE_X33Y50   clk_div/counter_reg[13]/C
Min Period        n/a     FDCE/C   n/a            1.000         10.000      9.000      SLICE_X33Y50   clk_div/counter_reg[14]/C
Min Period        n/a     FDCE/C   n/a            1.000         10.000      9.000      SLICE_X33Y50   clk_div/counter_reg[15]/C
Min Period        n/a     FDCE/C   n/a            1.000         10.000      9.000      SLICE_X31Y50   clk_div/counter_reg[16]/C
Low Pulse Width   Slow    FDCE/C   n/a            0.500         5.000       4.500      SLICE_X31Y48   clk_div/clk_out_reg/C
Low Pulse Width   Slow    FDCE/C   n/a            0.500         5.000       4.500      SLICE_X33Y49   clk_div/counter_reg[10]/C
Low Pulse Width   Slow    FDCE/C   n/a            0.500         5.000       4.500      SLICE_X33Y49   clk_div/counter_reg[11]/C
Low Pulse Width   Slow    FDCE/C   n/a            0.500         5.000       4.500      SLICE_X33Y49   clk_div/counter_reg[12]/C
Low Pulse Width   Slow    FDCE/C   n/a            0.500         5.000       4.500      SLICE_X33Y47   clk_div/counter_reg[1]/C
Low Pulse Width   Slow    FDCE/C   n/a            0.500         5.000       4.500      SLICE_X33Y47   clk_div/counter_reg[2]/C
Low Pulse Width   Slow    FDCE/C   n/a            0.500         5.000       4.500      SLICE_X33Y47   clk_div/counter_reg[3]/C
Low Pulse Width   Slow    FDCE/C   n/a            0.500         5.000       4.500      SLICE_X33Y47   clk_div/counter_reg[4]/C
Low Pulse Width   Slow    FDCE/C   n/a            0.500         5.000       4.500      SLICE_X31Y48   clk_div/counter_reg[5]/C
Low Pulse Width   Slow    FDCE/C   n/a            0.500         5.000       4.500      SLICE_X31Y48   clk_div/counter_reg[6]/C
High Pulse Width  Slow    FDCE/C   n/a            0.500         5.000       4.500      SLICE_X33Y50   clk_div/counter_reg[13]/C
High Pulse Width  Slow    FDCE/C   n/a            0.500         5.000       4.500      SLICE_X33Y50   clk_div/counter_reg[14]/C
High Pulse Width  Slow    FDCE/C   n/a            0.500         5.000       4.500      SLICE_X33Y50   clk_div/counter_reg[15]/C
High Pulse Width  Slow    FDCE/C   n/a            0.500         5.000       4.500      SLICE_X31Y50   clk_div/counter_reg[16]/C
High Pulse Width  Slow    FDCE/C   n/a            0.500         5.000       4.500      SLICE_X31Y51   clk_div/counter_reg[17]/C
High Pulse Width  Slow    FDCE/C   n/a            0.500         5.000       4.500      SLICE_X33Y51   clk_div/counter_reg[18]/C
High Pulse Width  Slow    FDCE/C   n/a            0.500         5.000       4.500      SLICE_X33Y51   clk_div/counter_reg[19]/C
High Pulse Width  Slow    FDCE/C   n/a            0.500         5.000       4.500      SLICE_X33Y51   clk_div/counter_reg[20]/C
High Pulse Width  Slow    FDCE/C   n/a            0.500         5.000       4.500      SLICE_X33Y52   clk_div/counter_reg[21]/C
High Pulse Width  Slow    FDCE/C   n/a            0.500         5.000       4.500      SLICE_X33Y52   clk_div/counter_reg[22]/C



---------------------------------------------------------------------------------------------------
Path Group:  **async_default**
From Clock:  sys_clk
  To Clock:  sys_clk

Setup :            0  Failing Endpoints,  Worst Slack        3.307ns,  Total Violation        0.000ns
Hold  :            0  Failing Endpoints,  Worst Slack        1.181ns,  Total Violation        0.000ns
---------------------------------------------------------------------------------------------------


Max Delay Paths
--------------------------------------------------------------------------------------
Slack (MET) :             3.307ns  (required time - arrival time)
  Source:                 rst_sync2_reg/C
                            (rising edge-triggered cell FDRE clocked by sys_clk  {rise@0.000ns fall@5.000ns period=10.000ns})
  Destination:            clk_div/counter_reg[16]/CLR
                            (recovery check against rising-edge clock sys_clk  {rise@0.000ns fall@5.000ns period=10.000ns})
  Path Group:             **async_default**
  Path Type:              Recovery (Max at Slow Process Corner)
  Requirement:            10.000ns  (sys_clk rise@10.000ns - sys_clk rise@0.000ns)
  Data Path Delay:        6.136ns  (logic 0.456ns (7.431%)  route 5.680ns (92.569%))
  Logic Levels:           0  
  Clock Path Skew:        -0.117ns (DCD - SCD + CPR)
    Destination Clock Delay (DCD):    4.777ns = ( 14.777 - 10.000 ) 
    Source Clock Delay      (SCD):    5.073ns
    Clock Pessimism Removal (CPR):    0.180ns
  Clock Uncertainty:      0.035ns  ((TSJ^2 + TIJ^2)^1/2 + DJ) / 2 + PE
    Total System Jitter     (TSJ):    0.071ns
    Total Input Jitter      (TIJ):    0.000ns
    Discrete Jitter          (DJ):    0.000ns
    Phase Error              (PE):    0.000ns

    Location             Delay type                Incr(ns)  Path(ns)    Netlist Resource(s)
  -------------------------------------------------------------------    -------------------
                         (clock sys_clk rise edge)    0.000     0.000 r  
    W5                                                0.000     0.000 r  clk (IN)
                         net (fo=0)                   0.000     0.000    clk
    W5                   IBUF (Prop_ibuf_I_O)         1.458     1.458 r  clk_IBUF_inst/O
                         net (fo=1, routed)           1.967     3.425    clk_IBUF
    BUFGCTRL_X0Y1        BUFG (Prop_bufg_I_O)         0.096     3.521 r  clk_IBUF_BUFG_inst/O
                         net (fo=46, routed)          1.552     5.073    clk_IBUF_BUFG
    SLICE_X28Y21         FDRE                                         r  rst_sync2_reg/C
  -------------------------------------------------------------------    -------------------
    SLICE_X28Y21         FDRE (Prop_fdre_C_Q)         0.456     5.529 f  rst_sync2_reg/Q
                         net (fo=1100, routed)        5.680    11.210    clk_div/rst_sync2
    SLICE_X31Y50         FDCE                                         f  clk_div/counter_reg[16]/CLR
  -------------------------------------------------------------------    -------------------

                         (clock sys_clk rise edge)   10.000    10.000 r  
    W5                                                0.000    10.000 r  clk (IN)
                         net (fo=0)                   0.000    10.000    clk
    W5                   IBUF (Prop_ibuf_I_O)         1.388    11.388 r  clk_IBUF_inst/O
                         net (fo=1, routed)           1.862    13.250    clk_IBUF
    BUFGCTRL_X0Y1        BUFG (Prop_bufg_I_O)         0.091    13.341 r  clk_IBUF_BUFG_inst/O
                         net (fo=46, routed)          1.436    14.777    clk_div/clk_IBUF_BUFG
    SLICE_X31Y50         FDCE                                         r  clk_div/counter_reg[16]/C
                         clock pessimism              0.180    14.957    
                         clock uncertainty           -0.035    14.921    
    SLICE_X31Y50         FDCE (Recov_fdce_C_CLR)     -0.405    14.516    clk_div/counter_reg[16]
  -------------------------------------------------------------------
                         required time                         14.516    
                         arrival time                         -11.210    
  -------------------------------------------------------------------
                         slack                                  3.307    

Slack (MET) :             3.626ns  (required time - arrival time)
  Source:                 rst_sync2_reg/C
                            (rising edge-triggered cell FDRE clocked by sys_clk  {rise@0.000ns fall@5.000ns period=10.000ns})
  Destination:            clk_div/counter_reg[13]/CLR
                            (recovery check against rising-edge clock sys_clk  {rise@0.000ns fall@5.000ns period=10.000ns})
  Path Group:             **async_default**
  Path Type:              Recovery (Max at Slow Process Corner)
  Requirement:            10.000ns  (sys_clk rise@10.000ns - sys_clk rise@0.000ns)
  Data Path Delay:        5.817ns  (logic 0.456ns (7.839%)  route 5.361ns (92.161%))
  Logic Levels:           0  
  Clock Path Skew:        -0.117ns (DCD - SCD + CPR)
    Destination Clock Delay (DCD):    4.777ns = ( 14.777 - 10.000 ) 
    Source Clock Delay      (SCD):    5.073ns
    Clock Pessimism Removal (CPR):    0.180ns
  Clock Uncertainty:      0.035ns  ((TSJ^2 + TIJ^2)^1/2 + DJ) / 2 + PE
    Total System Jitter     (TSJ):    0.071ns
    Total Input Jitter      (TIJ):    0.000ns
    Discrete Jitter          (DJ):    0.000ns
    Phase Error              (PE):    0.000ns

    Location             Delay type                Incr(ns)  Path(ns)    Netlist Resource(s)
  -------------------------------------------------------------------    -------------------
                         (clock sys_clk rise edge)    0.000     0.000 r  
    W5                                                0.000     0.000 r  clk (IN)
                         net (fo=0)                   0.000     0.000    clk
    W5                   IBUF (Prop_ibuf_I_O)         1.458     1.458 r  clk_IBUF_inst/O
                         net (fo=1, routed)           1.967     3.425    clk_IBUF
    BUFGCTRL_X0Y1        BUFG (Prop_bufg_I_O)         0.096     3.521 r  clk_IBUF_BUFG_inst/O
                         net (fo=46, routed)          1.552     5.073    clk_IBUF_BUFG
    SLICE_X28Y21         FDRE                                         r  rst_sync2_reg/C
  -------------------------------------------------------------------    -------------------
    SLICE_X28Y21         FDRE (Prop_fdre_C_Q)         0.456     5.529 f  rst_sync2_reg/Q
                         net (fo=1100, routed)        5.361    10.890    clk_div/rst_sync2
    SLICE_X33Y50         FDCE                                         f  clk_div/counter_reg[13]/CLR
  -------------------------------------------------------------------    -------------------

                         (clock sys_clk rise edge)   10.000    10.000 r  
    W5                                                0.000    10.000 r  clk (IN)
                         net (fo=0)                   0.000    10.000    clk
    W5                   IBUF (Prop_ibuf_I_O)         1.388    11.388 r  clk_IBUF_inst/O
                         net (fo=1, routed)           1.862    13.250    clk_IBUF
    BUFGCTRL_X0Y1        BUFG (Prop_bufg_I_O)         0.091    13.341 r  clk_IBUF_BUFG_inst/O
                         net (fo=46, routed)          1.436    14.777    clk_div/clk_IBUF_BUFG
    SLICE_X33Y50         FDCE                                         r  clk_div/counter_reg[13]/C
                         clock pessimism              0.180    14.957    
                         clock uncertainty           -0.035    14.921    
    SLICE_X33Y50         FDCE (Recov_fdce_C_CLR)     -0.405    14.516    clk_div/counter_reg[13]
  -------------------------------------------------------------------
                         required time                         14.516    
                         arrival time                         -10.890    
  -------------------------------------------------------------------
                         slack                                  3.626    

Slack (MET) :             3.626ns  (required time - arrival time)
  Source:                 rst_sync2_reg/C
                            (rising edge-triggered cell FDRE clocked by sys_clk  {rise@0.000ns fall@5.000ns period=10.000ns})
  Destination:            clk_div/counter_reg[14]/CLR
                            (recovery check against rising-edge clock sys_clk  {rise@0.000ns fall@5.000ns period=10.000ns})
  Path Group:             **async_default**
  Path Type:              Recovery (Max at Slow Process Corner)
  Requirement:            10.000ns  (sys_clk rise@10.000ns - sys_clk rise@0.000ns)
  Data Path Delay:        5.817ns  (logic 0.456ns (7.839%)  route 5.361ns (92.161%))
  Logic Levels:           0  
  Clock Path Skew:        -0.117ns (DCD - SCD + CPR)
    Destination Clock Delay (DCD):    4.777ns = ( 14.777 - 10.000 ) 
    Source Clock Delay      (SCD):    5.073ns
    Clock Pessimism Removal (CPR):    0.180ns
  Clock Uncertainty:      0.035ns  ((TSJ^2 + TIJ^2)^1/2 + DJ) / 2 + PE
    Total System Jitter     (TSJ):    0.071ns
    Total Input Jitter      (TIJ):    0.000ns
    Discrete Jitter          (DJ):    0.000ns
    Phase Error              (PE):    0.000ns

    Location             Delay type                Incr(ns)  Path(ns)    Netlist Resource(s)
  -------------------------------------------------------------------    -------------------
                         (clock sys_clk rise edge)    0.000     0.000 r  
    W5                                                0.000     0.000 r  clk (IN)
                         net (fo=0)                   0.000     0.000    clk
    W5                   IBUF (Prop_ibuf_I_O)         1.458     1.458 r  clk_IBUF_inst/O
                         net (fo=1, routed)           1.967     3.425    clk_IBUF
    BUFGCTRL_X0Y1        BUFG (Prop_bufg_I_O)         0.096     3.521 r  clk_IBUF_BUFG_inst/O
                         net (fo=46, routed)          1.552     5.073    clk_IBUF_BUFG
    SLICE_X28Y21         FDRE                                         r  rst_sync2_reg/C
  -------------------------------------------------------------------    -------------------
    SLICE_X28Y21         FDRE (Prop_fdre_C_Q)         0.456     5.529 f  rst_sync2_reg/Q
                         net (fo=1100, routed)        5.361    10.890    clk_div/rst_sync2
    SLICE_X33Y50         FDCE                                         f  clk_div/counter_reg[14]/CLR
  -------------------------------------------------------------------    -------------------

                         (clock sys_clk rise edge)   10.000    10.000 r  
    W5                                                0.000    10.000 r  clk (IN)
                         net (fo=0)                   0.000    10.000    clk
    W5                   IBUF (Prop_ibuf_I_O)         1.388    11.388 r  clk_IBUF_inst/O
                         net (fo=1, routed)           1.862    13.250    clk_IBUF
    BUFGCTRL_X0Y1        BUFG (Prop_bufg_I_O)         0.091    13.341 r  clk_IBUF_BUFG_inst/O
                         net (fo=46, routed)          1.436    14.777    clk_div/clk_IBUF_BUFG
    SLICE_X33Y50         FDCE                                         r  clk_div/counter_reg[14]/C
                         clock pessimism              0.180    14.957    
                         clock uncertainty           -0.035    14.921    
    SLICE_X33Y50         FDCE (Recov_fdce_C_CLR)     -0.405    14.516    clk_div/counter_reg[14]
  -------------------------------------------------------------------
                         required time                         14.516    
                         arrival time                         -10.890    
  -------------------------------------------------------------------
                         slack                                  3.626    

Slack (MET) :             3.626ns  (required time - arrival time)
  Source:                 rst_sync2_reg/C
                            (rising edge-triggered cell FDRE clocked by sys_clk  {rise@0.000ns fall@5.000ns period=10.000ns})
  Destination:            clk_div/counter_reg[15]/CLR
                            (recovery check against rising-edge clock sys_clk  {rise@0.000ns fall@5.000ns period=10.000ns})
  Path Group:             **async_default**
  Path Type:              Recovery (Max at Slow Process Corner)
  Requirement:            10.000ns  (sys_clk rise@10.000ns - sys_clk rise@0.000ns)
  Data Path Delay:        5.817ns  (logic 0.456ns (7.839%)  route 5.361ns (92.161%))
  Logic Levels:           0  
  Clock Path Skew:        -0.117ns (DCD - SCD + CPR)
    Destination Clock Delay (DCD):    4.777ns = ( 14.777 - 10.000 ) 
    Source Clock Delay      (SCD):    5.073ns
    Clock Pessimism Removal (CPR):    0.180ns
  Clock Uncertainty:      0.035ns  ((TSJ^2 + TIJ^2)^1/2 + DJ) / 2 + PE
    Total System Jitter     (TSJ):    0.071ns
    Total Input Jitter      (TIJ):    0.000ns
    Discrete Jitter          (DJ):    0.000ns
    Phase Error              (PE):    0.000ns

    Location             Delay type                Incr(ns)  Path(ns)    Netlist Resource(s)
  -------------------------------------------------------------------    -------------------
                         (clock sys_clk rise edge)    0.000     0.000 r  
    W5                                                0.000     0.000 r  clk (IN)
                         net (fo=0)                   0.000     0.000    clk
    W5                   IBUF (Prop_ibuf_I_O)         1.458     1.458 r  clk_IBUF_inst/O
                         net (fo=1, routed)           1.967     3.425    clk_IBUF
    BUFGCTRL_X0Y1        BUFG (Prop_bufg_I_O)         0.096     3.521 r  clk_IBUF_BUFG_inst/O
                         net (fo=46, routed)          1.552     5.073    clk_IBUF_BUFG
    SLICE_X28Y21         FDRE                                         r  rst_sync2_reg/C
  -------------------------------------------------------------------    -------------------
    SLICE_X28Y21         FDRE (Prop_fdre_C_Q)         0.456     5.529 f  rst_sync2_reg/Q
                         net (fo=1100, routed)        5.361    10.890    clk_div/rst_sync2
    SLICE_X33Y50         FDCE                                         f  clk_div/counter_reg[15]/CLR
  -------------------------------------------------------------------    -------------------

                         (clock sys_clk rise edge)   10.000    10.000 r  
    W5                                                0.000    10.000 r  clk (IN)
                         net (fo=0)                   0.000    10.000    clk
    W5                   IBUF (Prop_ibuf_I_O)         1.388    11.388 r  clk_IBUF_inst/O
                         net (fo=1, routed)           1.862    13.250    clk_IBUF
    BUFGCTRL_X0Y1        BUFG (Prop_bufg_I_O)         0.091    13.341 r  clk_IBUF_BUFG_inst/O
                         net (fo=46, routed)          1.436    14.777    clk_div/clk_IBUF_BUFG
    SLICE_X33Y50         FDCE                                         r  clk_div/counter_reg[15]/C
                         clock pessimism              0.180    14.957    
                         clock uncertainty           -0.035    14.921    
    SLICE_X33Y50         FDCE (Recov_fdce_C_CLR)     -0.405    14.516    clk_div/counter_reg[15]
  -------------------------------------------------------------------
                         required time                         14.516    
                         arrival time                         -10.890    
  -------------------------------------------------------------------
                         slack                                  3.626    

Slack (MET) :             3.645ns  (required time - arrival time)
  Source:                 rst_sync2_reg/C
                            (rising edge-triggered cell FDRE clocked by sys_clk  {rise@0.000ns fall@5.000ns period=10.000ns})
  Destination:            clk_div/counter_reg[21]/CLR
                            (recovery check against rising-edge clock sys_clk  {rise@0.000ns fall@5.000ns period=10.000ns})
  Path Group:             **async_default**
  Path Type:              Recovery (Max at Slow Process Corner)
  Requirement:            10.000ns  (sys_clk rise@10.000ns - sys_clk rise@0.000ns)
  Data Path Delay:        5.798ns  (logic 0.456ns (7.864%)  route 5.342ns (92.136%))
  Logic Levels:           0  
  Clock Path Skew:        -0.117ns (DCD - SCD + CPR)
    Destination Clock Delay (DCD):    4.777ns = ( 14.777 - 10.000 ) 
    Source Clock Delay      (SCD):    5.073ns
    Clock Pessimism Removal (CPR):    0.180ns
  Clock Uncertainty:      0.035ns  ((TSJ^2 + TIJ^2)^1/2 + DJ) / 2 + PE
    Total System Jitter     (TSJ):    0.071ns
    Total Input Jitter      (TIJ):    0.000ns
    Discrete Jitter          (DJ):    0.000ns
    Phase Error              (PE):    0.000ns

    Location             Delay type                Incr(ns)  Path(ns)    Netlist Resource(s)
  -------------------------------------------------------------------    -------------------
                         (clock sys_clk rise edge)    0.000     0.000 r  
    W5                                                0.000     0.000 r  clk (IN)
                         net (fo=0)                   0.000     0.000    clk
    W5                   IBUF (Prop_ibuf_I_O)         1.458     1.458 r  clk_IBUF_inst/O
                         net (fo=1, routed)           1.967     3.425    clk_IBUF
    BUFGCTRL_X0Y1        BUFG (Prop_bufg_I_O)         0.096     3.521 r  clk_IBUF_BUFG_inst/O
                         net (fo=46, routed)          1.552     5.073    clk_IBUF_BUFG
    SLICE_X28Y21         FDRE                                         r  rst_sync2_reg/C
  -------------------------------------------------------------------    -------------------
    SLICE_X28Y21         FDRE (Prop_fdre_C_Q)         0.456     5.529 f  rst_sync2_reg/Q
                         net (fo=1100, routed)        5.342    10.872    clk_div/rst_sync2
    SLICE_X33Y52         FDCE                                         f  clk_div/counter_reg[21]/CLR
  -------------------------------------------------------------------    -------------------

                         (clock sys_clk rise edge)   10.000    10.000 r  
    W5                                                0.000    10.000 r  clk (IN)
                         net (fo=0)                   0.000    10.000    clk
    W5                   IBUF (Prop_ibuf_I_O)         1.388    11.388 r  clk_IBUF_inst/O
                         net (fo=1, routed)           1.862    13.250    clk_IBUF
    BUFGCTRL_X0Y1        BUFG (Prop_bufg_I_O)         0.091    13.341 r  clk_IBUF_BUFG_inst/O
                         net (fo=46, routed)          1.436    14.777    clk_div/clk_IBUF_BUFG
    SLICE_X33Y52         FDCE                                         r  clk_div/counter_reg[21]/C
                         clock pessimism              0.180    14.957    
                         clock uncertainty           -0.035    14.921    
    SLICE_X33Y52         FDCE (Recov_fdce_C_CLR)     -0.405    14.516    clk_div/counter_reg[21]
  -------------------------------------------------------------------
                         required time                         14.516    
                         arrival time                         -10.872    
  -------------------------------------------------------------------
                         slack                                  3.645    

Slack (MET) :             3.645ns  (required time - arrival time)
  Source:                 rst_sync2_reg/C
                            (rising edge-triggered cell FDRE clocked by sys_clk  {rise@0.000ns fall@5.000ns period=10.000ns})
  Destination:            clk_div/counter_reg[22]/CLR
                            (recovery check against rising-edge clock sys_clk  {rise@0.000ns fall@5.000ns period=10.000ns})
  Path Group:             **async_default**
  Path Type:              Recovery (Max at Slow Process Corner)
  Requirement:            10.000ns  (sys_clk rise@10.000ns - sys_clk rise@0.000ns)
  Data Path Delay:        5.798ns  (logic 0.456ns (7.864%)  route 5.342ns (92.136%))
  Logic Levels:           0  
  Clock Path Skew:        -0.117ns (DCD - SCD + CPR)
    Destination Clock Delay (DCD):    4.777ns = ( 14.777 - 10.000 ) 
    Source Clock Delay      (SCD):    5.073ns
    Clock Pessimism Removal (CPR):    0.180ns
  Clock Uncertainty:      0.035ns  ((TSJ^2 + TIJ^2)^1/2 + DJ) / 2 + PE
    Total System Jitter     (TSJ):    0.071ns
    Total Input Jitter      (TIJ):    0.000ns
    Discrete Jitter          (DJ):    0.000ns
    Phase Error              (PE):    0.000ns

    Location             Delay type                Incr(ns)  Path(ns)    Netlist Resource(s)
  -------------------------------------------------------------------    -------------------
                         (clock sys_clk rise edge)    0.000     0.000 r  
    W5                                                0.000     0.000 r  clk (IN)
                         net (fo=0)                   0.000     0.000    clk
    W5                   IBUF (Prop_ibuf_I_O)         1.458     1.458 r  clk_IBUF_inst/O
                         net (fo=1, routed)           1.967     3.425    clk_IBUF
    BUFGCTRL_X0Y1        BUFG (Prop_bufg_I_O)         0.096     3.521 r  clk_IBUF_BUFG_inst/O
                         net (fo=46, routed)          1.552     5.073    clk_IBUF_BUFG
    SLICE_X28Y21         FDRE                                         r  rst_sync2_reg/C
  -------------------------------------------------------------------    -------------------
    SLICE_X28Y21         FDRE (Prop_fdre_C_Q)         0.456     5.529 f  rst_sync2_reg/Q
                         net (fo=1100, routed)        5.342    10.872    clk_div/rst_sync2
    SLICE_X33Y52         FDCE                                         f  clk_div/counter_reg[22]/CLR
  -------------------------------------------------------------------    -------------------

                         (clock sys_clk rise edge)   10.000    10.000 r  
    W5                                                0.000    10.000 r  clk (IN)
                         net (fo=0)                   0.000    10.000    clk
    W5                   IBUF (Prop_ibuf_I_O)         1.388    11.388 r  clk_IBUF_inst/O
                         net (fo=1, routed)           1.862    13.250    clk_IBUF
    BUFGCTRL_X0Y1        BUFG (Prop_bufg_I_O)         0.091    13.341 r  clk_IBUF_BUFG_inst/O
                         net (fo=46, routed)          1.436    14.777    clk_div/clk_IBUF_BUFG
    SLICE_X33Y52         FDCE                                         r  clk_div/counter_reg[22]/C
                         clock pessimism              0.180    14.957    
                         clock uncertainty           -0.035    14.921    
    SLICE_X33Y52         FDCE (Recov_fdce_C_CLR)     -0.405    14.516    clk_div/counter_reg[22]
  -------------------------------------------------------------------
                         required time                         14.516    
                         arrival time                         -10.872    
  -------------------------------------------------------------------
                         slack                                  3.645    

Slack (MET) :             3.645ns  (required time - arrival time)
  Source:                 rst_sync2_reg/C
                            (rising edge-triggered cell FDRE clocked by sys_clk  {rise@0.000ns fall@5.000ns period=10.000ns})
  Destination:            clk_div/counter_reg[23]/CLR
                            (recovery check against rising-edge clock sys_clk  {rise@0.000ns fall@5.000ns period=10.000ns})
  Path Group:             **async_default**
  Path Type:              Recovery (Max at Slow Process Corner)
  Requirement:            10.000ns  (sys_clk rise@10.000ns - sys_clk rise@0.000ns)
  Data Path Delay:        5.798ns  (logic 0.456ns (7.864%)  route 5.342ns (92.136%))
  Logic Levels:           0  
  Clock Path Skew:        -0.117ns (DCD - SCD + CPR)
    Destination Clock Delay (DCD):    4.777ns = ( 14.777 - 10.000 ) 
    Source Clock Delay      (SCD):    5.073ns
    Clock Pessimism Removal (CPR):    0.180ns
  Clock Uncertainty:      0.035ns  ((TSJ^2 + TIJ^2)^1/2 + DJ) / 2 + PE
    Total System Jitter     (TSJ):    0.071ns
    Total Input Jitter      (TIJ):    0.000ns
    Discrete Jitter          (DJ):    0.000ns
    Phase Error              (PE):    0.000ns

    Location             Delay type                Incr(ns)  Path(ns)    Netlist Resource(s)
  -------------------------------------------------------------------    -------------------
                         (clock sys_clk rise edge)    0.000     0.000 r  
    W5                                                0.000     0.000 r  clk (IN)
                         net (fo=0)                   0.000     0.000    clk
    W5                   IBUF (Prop_ibuf_I_O)         1.458     1.458 r  clk_IBUF_inst/O
                         net (fo=1, routed)           1.967     3.425    clk_IBUF
    BUFGCTRL_X0Y1        BUFG (Prop_bufg_I_O)         0.096     3.521 r  clk_IBUF_BUFG_inst/O
                         net (fo=46, routed)          1.552     5.073    clk_IBUF_BUFG
    SLICE_X28Y21         FDRE                                         r  rst_sync2_reg/C
  -------------------------------------------------------------------    -------------------
    SLICE_X28Y21         FDRE (Prop_fdre_C_Q)         0.456     5.529 f  rst_sync2_reg/Q
                         net (fo=1100, routed)        5.342    10.872    clk_div/rst_sync2
    SLICE_X33Y52         FDCE                                         f  clk_div/counter_reg[23]/CLR
  -------------------------------------------------------------------    -------------------

                         (clock sys_clk rise edge)   10.000    10.000 r  
    W5                                                0.000    10.000 r  clk (IN)
                         net (fo=0)                   0.000    10.000    clk
    W5                   IBUF (Prop_ibuf_I_O)         1.388    11.388 r  clk_IBUF_inst/O
                         net (fo=1, routed)           1.862    13.250    clk_IBUF
    BUFGCTRL_X0Y1        BUFG (Prop_bufg_I_O)         0.091    13.341 r  clk_IBUF_BUFG_inst/O
                         net (fo=46, routed)          1.436    14.777    clk_div/clk_IBUF_BUFG
    SLICE_X33Y52         FDCE                                         r  clk_div/counter_reg[23]/C
                         clock pessimism              0.180    14.957    
                         clock uncertainty           -0.035    14.921    
    SLICE_X33Y52         FDCE (Recov_fdce_C_CLR)     -0.405    14.516    clk_div/counter_reg[23]
  -------------------------------------------------------------------
                         required time                         14.516    
                         arrival time                         -10.872    
  -------------------------------------------------------------------
                         slack                                  3.645    

Slack (MET) :             3.645ns  (required time - arrival time)
  Source:                 rst_sync2_reg/C
                            (rising edge-triggered cell FDRE clocked by sys_clk  {rise@0.000ns fall@5.000ns period=10.000ns})
  Destination:            clk_div/counter_reg[24]/CLR
                            (recovery check against rising-edge clock sys_clk  {rise@0.000ns fall@5.000ns period=10.000ns})
  Path Group:             **async_default**
  Path Type:              Recovery (Max at Slow Process Corner)
  Requirement:            10.000ns  (sys_clk rise@10.000ns - sys_clk rise@0.000ns)
  Data Path Delay:        5.798ns  (logic 0.456ns (7.864%)  route 5.342ns (92.136%))
  Logic Levels:           0  
  Clock Path Skew:        -0.117ns (DCD - SCD + CPR)
    Destination Clock Delay (DCD):    4.777ns = ( 14.777 - 10.000 ) 
    Source Clock Delay      (SCD):    5.073ns
    Clock Pessimism Removal (CPR):    0.180ns
  Clock Uncertainty:      0.035ns  ((TSJ^2 + TIJ^2)^1/2 + DJ) / 2 + PE
    Total System Jitter     (TSJ):    0.071ns
    Total Input Jitter      (TIJ):    0.000ns
    Discrete Jitter          (DJ):    0.000ns
    Phase Error              (PE):    0.000ns

    Location             Delay type                Incr(ns)  Path(ns)    Netlist Resource(s)
  -------------------------------------------------------------------    -------------------
                         (clock sys_clk rise edge)    0.000     0.000 r  
    W5                                                0.000     0.000 r  clk (IN)
                         net (fo=0)                   0.000     0.000    clk
    W5                   IBUF (Prop_ibuf_I_O)         1.458     1.458 r  clk_IBUF_inst/O
                         net (fo=1, routed)           1.967     3.425    clk_IBUF
    BUFGCTRL_X0Y1        BUFG (Prop_bufg_I_O)         0.096     3.521 r  clk_IBUF_BUFG_inst/O
                         net (fo=46, routed)          1.552     5.073    clk_IBUF_BUFG
    SLICE_X28Y21         FDRE                                         r  rst_sync2_reg/C
  -------------------------------------------------------------------    -------------------
    SLICE_X28Y21         FDRE (Prop_fdre_C_Q)         0.456     5.529 f  rst_sync2_reg/Q
                         net (fo=1100, routed)        5.342    10.872    clk_div/rst_sync2
    SLICE_X33Y52         FDCE                                         f  clk_div/counter_reg[24]/CLR
  -------------------------------------------------------------------    -------------------

                         (clock sys_clk rise edge)   10.000    10.000 r  
    W5                                                0.000    10.000 r  clk (IN)
                         net (fo=0)                   0.000    10.000    clk
    W5                   IBUF (Prop_ibuf_I_O)         1.388    11.388 r  clk_IBUF_inst/O
                         net (fo=1, routed)           1.862    13.250    clk_IBUF
    BUFGCTRL_X0Y1        BUFG (Prop_bufg_I_O)         0.091    13.341 r  clk_IBUF_BUFG_inst/O
                         net (fo=46, routed)          1.436    14.777    clk_div/clk_IBUF_BUFG
    SLICE_X33Y52         FDCE                                         r  clk_div/counter_reg[24]/C
                         clock pessimism              0.180    14.957    
                         clock uncertainty           -0.035    14.921    
    SLICE_X33Y52         FDCE (Recov_fdce_C_CLR)     -0.405    14.516    clk_div/counter_reg[24]
  -------------------------------------------------------------------
                         required time                         14.516    
                         arrival time                         -10.872    
  -------------------------------------------------------------------
                         slack                                  3.645    

Slack (MET) :             3.981ns  (required time - arrival time)
  Source:                 rst_sync2_reg/C
                            (rising edge-triggered cell FDRE clocked by sys_clk  {rise@0.000ns fall@5.000ns period=10.000ns})
  Destination:            clk_div/counter_reg[0]/CLR
                            (recovery check against rising-edge clock sys_clk  {rise@0.000ns fall@5.000ns period=10.000ns})
  Path Group:             **async_default**
  Path Type:              Recovery (Max at Slow Process Corner)
  Requirement:            10.000ns  (sys_clk rise@10.000ns - sys_clk rise@0.000ns)
  Data Path Delay:        5.638ns  (logic 0.456ns (8.088%)  route 5.182ns (91.912%))
  Logic Levels:           0  
  Clock Path Skew:        -0.027ns (DCD - SCD + CPR)
    Destination Clock Delay (DCD):    4.786ns = ( 14.786 - 10.000 ) 
    Source Clock Delay      (SCD):    5.073ns
    Clock Pessimism Removal (CPR):    0.260ns
  Clock Uncertainty:      0.035ns  ((TSJ^2 + TIJ^2)^1/2 + DJ) / 2 + PE
    Total System Jitter     (TSJ):    0.071ns
    Total Input Jitter      (TIJ):    0.000ns
    Discrete Jitter          (DJ):    0.000ns
    Phase Error              (PE):    0.000ns

    Location             Delay type                Incr(ns)  Path(ns)    Netlist Resource(s)
  -------------------------------------------------------------------    -------------------
                         (clock sys_clk rise edge)    0.000     0.000 r  
    W5                                                0.000     0.000 r  clk (IN)
                         net (fo=0)                   0.000     0.000    clk
    W5                   IBUF (Prop_ibuf_I_O)         1.458     1.458 r  clk_IBUF_inst/O
                         net (fo=1, routed)           1.967     3.425    clk_IBUF
    BUFGCTRL_X0Y1        BUFG (Prop_bufg_I_O)         0.096     3.521 r  clk_IBUF_BUFG_inst/O
                         net (fo=46, routed)          1.552     5.073    clk_IBUF_BUFG
    SLICE_X28Y21         FDRE                                         r  rst_sync2_reg/C
  -------------------------------------------------------------------    -------------------
    SLICE_X28Y21         FDRE (Prop_fdre_C_Q)         0.456     5.529 f  rst_sync2_reg/Q
                         net (fo=1100, routed)        5.182    10.711    clk_div/rst_sync2
    SLICE_X34Y48         FDCE                                         f  clk_div/counter_reg[0]/CLR
  -------------------------------------------------------------------    -------------------

                         (clock sys_clk rise edge)   10.000    10.000 r  
    W5                                                0.000    10.000 r  clk (IN)
                         net (fo=0)                   0.000    10.000    clk
    W5                   IBUF (Prop_ibuf_I_O)         1.388    11.388 r  clk_IBUF_inst/O
                         net (fo=1, routed)           1.862    13.250    clk_IBUF
    BUFGCTRL_X0Y1        BUFG (Prop_bufg_I_O)         0.091    13.341 r  clk_IBUF_BUFG_inst/O
                         net (fo=46, routed)          1.445    14.786    clk_div/clk_IBUF_BUFG
    SLICE_X34Y48         FDCE                                         r  clk_div/counter_reg[0]/C
                         clock pessimism              0.260    15.046    
                         clock uncertainty           -0.035    15.011    
    SLICE_X34Y48         FDCE (Recov_fdce_C_CLR)     -0.319    14.692    clk_div/counter_reg[0]
  -------------------------------------------------------------------
                         required time                         14.692    
                         arrival time                         -10.711    
  -------------------------------------------------------------------
                         slack                                  3.981    

Slack (MET) :             4.028ns  (required time - arrival time)
  Source:                 rst_sync2_reg/C
                            (rising edge-triggered cell FDRE clocked by sys_clk  {rise@0.000ns fall@5.000ns period=10.000ns})
  Destination:            clk_div/counter_reg[10]/CLR
                            (recovery check against rising-edge clock sys_clk  {rise@0.000ns fall@5.000ns period=10.000ns})
  Path Group:             **async_default**
  Path Type:              Recovery (Max at Slow Process Corner)
  Requirement:            10.000ns  (sys_clk rise@10.000ns - sys_clk rise@0.000ns)
  Data Path Delay:        5.505ns  (logic 0.456ns (8.283%)  route 5.049ns (91.717%))
  Logic Levels:           0  
  Clock Path Skew:        -0.026ns (DCD - SCD + CPR)
    Destination Clock Delay (DCD):    4.787ns = ( 14.787 - 10.000 ) 
    Source Clock Delay      (SCD):    5.073ns
    Clock Pessimism Removal (CPR):    0.260ns
  Clock Uncertainty:      0.035ns  ((TSJ^2 + TIJ^2)^1/2 + DJ) / 2 + PE
    Total System Jitter     (TSJ):    0.071ns
    Total Input Jitter      (TIJ):    0.000ns
    Discrete Jitter          (DJ):    0.000ns
    Phase Error              (PE):    0.000ns

    Location             Delay type                Incr(ns)  Path(ns)    Netlist Resource(s)
  -------------------------------------------------------------------    -------------------
                         (clock sys_clk rise edge)    0.000     0.000 r  
    W5                                                0.000     0.000 r  clk (IN)
                         net (fo=0)                   0.000     0.000    clk
    W5                   IBUF (Prop_ibuf_I_O)         1.458     1.458 r  clk_IBUF_inst/O
                         net (fo=1, routed)           1.967     3.425    clk_IBUF
    BUFGCTRL_X0Y1        BUFG (Prop_bufg_I_O)         0.096     3.521 r  clk_IBUF_BUFG_inst/O
                         net (fo=46, routed)          1.552     5.073    clk_IBUF_BUFG
    SLICE_X28Y21         FDRE                                         r  rst_sync2_reg/C
  -------------------------------------------------------------------    -------------------
    SLICE_X28Y21         FDRE (Prop_fdre_C_Q)         0.456     5.529 f  rst_sync2_reg/Q
                         net (fo=1100, routed)        5.049    10.579    clk_div/rst_sync2
    SLICE_X33Y49         FDCE                                         f  clk_div/counter_reg[10]/CLR
  -------------------------------------------------------------------    -------------------

                         (clock sys_clk rise edge)   10.000    10.000 r  
    W5                                                0.000    10.000 r  clk (IN)
                         net (fo=0)                   0.000    10.000    clk
    W5                   IBUF (Prop_ibuf_I_O)         1.388    11.388 r  clk_IBUF_inst/O
                         net (fo=1, routed)           1.862    13.250    clk_IBUF
    BUFGCTRL_X0Y1        BUFG (Prop_bufg_I_O)         0.091    13.341 r  clk_IBUF_BUFG_inst/O
                         net (fo=46, routed)          1.446    14.787    clk_div/clk_IBUF_BUFG
    SLICE_X33Y49         FDCE                                         r  clk_div/counter_reg[10]/C
                         clock pessimism              0.260    15.047    
                         clock uncertainty           -0.035    15.012    
    SLICE_X33Y49         FDCE (Recov_fdce_C_CLR)     -0.405    14.607    clk_div/counter_reg[10]
  -------------------------------------------------------------------
                         required time                         14.607    
                         arrival time                         -10.579    
  -------------------------------------------------------------------
                         slack                                  4.028    





Min Delay Paths
--------------------------------------------------------------------------------------
Slack (MET) :             1.181ns  (arrival time - required time)
  Source:                 rst_sync2_reg/C
                            (rising edge-triggered cell FDRE clocked by sys_clk  {rise@0.000ns fall@5.000ns period=10.000ns})
  Destination:            ssd/refresh_counter_reg[0]/CLR
                            (removal check against rising-edge clock sys_clk  {rise@0.000ns fall@5.000ns period=10.000ns})
  Path Group:             **async_default**
  Path Type:              Removal (Min at Fast Process Corner)
  Requirement:            0.000ns  (sys_clk rise@0.000ns - sys_clk rise@0.000ns)
  Data Path Delay:        1.377ns  (logic 0.141ns (10.238%)  route 1.236ns (89.762%))
  Logic Levels:           0  
  Clock Path Skew:        0.263ns (DCD - SCD - CPR)
    Destination Clock Delay (DCD):    1.948ns
    Source Clock Delay      (SCD):    1.436ns
    Clock Pessimism Removal (CPR):    0.249ns

    Location             Delay type                Incr(ns)  Path(ns)    Netlist Resource(s)
  -------------------------------------------------------------------    -------------------
                         (clock sys_clk rise edge)    0.000     0.000 r  
    W5                                                0.000     0.000 r  clk (IN)
                         net (fo=0)                   0.000     0.000    clk
    W5                   IBUF (Prop_ibuf_I_O)         0.226     0.226 r  clk_IBUF_inst/O
                         net (fo=1, routed)           0.631     0.858    clk_IBUF
    BUFGCTRL_X0Y1        BUFG (Prop_bufg_I_O)         0.026     0.884 r  clk_IBUF_BUFG_inst/O
                         net (fo=46, routed)          0.553     1.436    clk_IBUF_BUFG
    SLICE_X28Y21         FDRE                                         r  rst_sync2_reg/C
  -------------------------------------------------------------------    -------------------
    SLICE_X28Y21         FDRE (Prop_fdre_C_Q)         0.141     1.577 f  rst_sync2_reg/Q
                         net (fo=1100, routed)        1.236     2.813    ssd/rst_sync2
    SLICE_X54Y24         FDCE                                         f  ssd/refresh_counter_reg[0]/CLR
  -------------------------------------------------------------------    -------------------

                         (clock sys_clk rise edge)    0.000     0.000 r  
    W5                                                0.000     0.000 r  clk (IN)
                         net (fo=0)                   0.000     0.000    clk
    W5                   IBUF (Prop_ibuf_I_O)         0.414     0.414 r  clk_IBUF_inst/O
                         net (fo=1, routed)           0.685     1.099    clk_IBUF
    BUFGCTRL_X0Y1        BUFG (Prop_bufg_I_O)         0.029     1.128 r  clk_IBUF_BUFG_inst/O
                         net (fo=46, routed)          0.821     1.948    ssd/clk_IBUF_BUFG
    SLICE_X54Y24         FDCE                                         r  ssd/refresh_counter_reg[0]/C
                         clock pessimism             -0.249     1.699    
    SLICE_X54Y24         FDCE (Remov_fdce_C_CLR)     -0.067     1.632    ssd/refresh_counter_reg[0]
  -------------------------------------------------------------------
                         required time                         -1.632    
                         arrival time                           2.813    
  -------------------------------------------------------------------
                         slack                                  1.181    

Slack (MET) :             1.181ns  (arrival time - required time)
  Source:                 rst_sync2_reg/C
                            (rising edge-triggered cell FDRE clocked by sys_clk  {rise@0.000ns fall@5.000ns period=10.000ns})
  Destination:            ssd/refresh_counter_reg[1]/CLR
                            (removal check against rising-edge clock sys_clk  {rise@0.000ns fall@5.000ns period=10.000ns})
  Path Group:             **async_default**
  Path Type:              Removal (Min at Fast Process Corner)
  Requirement:            0.000ns  (sys_clk rise@0.000ns - sys_clk rise@0.000ns)
  Data Path Delay:        1.377ns  (logic 0.141ns (10.238%)  route 1.236ns (89.762%))
  Logic Levels:           0  
  Clock Path Skew:        0.263ns (DCD - SCD - CPR)
    Destination Clock Delay (DCD):    1.948ns
    Source Clock Delay      (SCD):    1.436ns
    Clock Pessimism Removal (CPR):    0.249ns

    Location             Delay type                Incr(ns)  Path(ns)    Netlist Resource(s)
  -------------------------------------------------------------------    -------------------
                         (clock sys_clk rise edge)    0.000     0.000 r  
    W5                                                0.000     0.000 r  clk (IN)
                         net (fo=0)                   0.000     0.000    clk
    W5                   IBUF (Prop_ibuf_I_O)         0.226     0.226 r  clk_IBUF_inst/O
                         net (fo=1, routed)           0.631     0.858    clk_IBUF
    BUFGCTRL_X0Y1        BUFG (Prop_bufg_I_O)         0.026     0.884 r  clk_IBUF_BUFG_inst/O
                         net (fo=46, routed)          0.553     1.436    clk_IBUF_BUFG
    SLICE_X28Y21         FDRE                                         r  rst_sync2_reg/C
  -------------------------------------------------------------------    -------------------
    SLICE_X28Y21         FDRE (Prop_fdre_C_Q)         0.141     1.577 f  rst_sync2_reg/Q
                         net (fo=1100, routed)        1.236     2.813    ssd/rst_sync2
    SLICE_X54Y24         FDCE                                         f  ssd/refresh_counter_reg[1]/CLR
  -------------------------------------------------------------------    -------------------

                         (clock sys_clk rise edge)    0.000     0.000 r  
    W5                                                0.000     0.000 r  clk (IN)
                         net (fo=0)                   0.000     0.000    clk
    W5                   IBUF (Prop_ibuf_I_O)         0.414     0.414 r  clk_IBUF_inst/O
                         net (fo=1, routed)           0.685     1.099    clk_IBUF
    BUFGCTRL_X0Y1        BUFG (Prop_bufg_I_O)         0.029     1.128 r  clk_IBUF_BUFG_inst/O
                         net (fo=46, routed)          0.821     1.948    ssd/clk_IBUF_BUFG
    SLICE_X54Y24         FDCE                                         r  ssd/refresh_counter_reg[1]/C
                         clock pessimism             -0.249     1.699    
    SLICE_X54Y24         FDCE (Remov_fdce_C_CLR)     -0.067     1.632    ssd/refresh_counter_reg[1]
  -------------------------------------------------------------------
                         required time                         -1.632    
                         arrival time                           2.813    
  -------------------------------------------------------------------
                         slack                                  1.181    

Slack (MET) :             1.181ns  (arrival time - required time)
  Source:                 rst_sync2_reg/C
                            (rising edge-triggered cell FDRE clocked by sys_clk  {rise@0.000ns fall@5.000ns period=10.000ns})
  Destination:            ssd/refresh_counter_reg[2]/CLR
                            (removal check against rising-edge clock sys_clk  {rise@0.000ns fall@5.000ns period=10.000ns})
  Path Group:             **async_default**
  Path Type:              Removal (Min at Fast Process Corner)
  Requirement:            0.000ns  (sys_clk rise@0.000ns - sys_clk rise@0.000ns)
  Data Path Delay:        1.377ns  (logic 0.141ns (10.238%)  route 1.236ns (89.762%))
  Logic Levels:           0  
  Clock Path Skew:        0.263ns (DCD - SCD - CPR)
    Destination Clock Delay (DCD):    1.948ns
    Source Clock Delay      (SCD):    1.436ns
    Clock Pessimism Removal (CPR):    0.249ns

    Location             Delay type                Incr(ns)  Path(ns)    Netlist Resource(s)
  -------------------------------------------------------------------    -------------------
                         (clock sys_clk rise edge)    0.000     0.000 r  
    W5                                                0.000     0.000 r  clk (IN)
                         net (fo=0)                   0.000     0.000    clk
    W5                   IBUF (Prop_ibuf_I_O)         0.226     0.226 r  clk_IBUF_inst/O
                         net (fo=1, routed)           0.631     0.858    clk_IBUF
    BUFGCTRL_X0Y1        BUFG (Prop_bufg_I_O)         0.026     0.884 r  clk_IBUF_BUFG_inst/O
                         net (fo=46, routed)          0.553     1.436    clk_IBUF_BUFG
    SLICE_X28Y21         FDRE                                         r  rst_sync2_reg/C
  -------------------------------------------------------------------    -------------------
    SLICE_X28Y21         FDRE (Prop_fdre_C_Q)         0.141     1.577 f  rst_sync2_reg/Q
                         net (fo=1100, routed)        1.236     2.813    ssd/rst_sync2
    SLICE_X54Y24         FDCE                                         f  ssd/refresh_counter_reg[2]/CLR
  -------------------------------------------------------------------    -------------------

                         (clock sys_clk rise edge)    0.000     0.000 r  
    W5                                                0.000     0.000 r  clk (IN)
                         net (fo=0)                   0.000     0.000    clk
    W5                   IBUF (Prop_ibuf_I_O)         0.414     0.414 r  clk_IBUF_inst/O
                         net (fo=1, routed)           0.685     1.099    clk_IBUF
    BUFGCTRL_X0Y1        BUFG (Prop_bufg_I_O)         0.029     1.128 r  clk_IBUF_BUFG_inst/O
                         net (fo=46, routed)          0.821     1.948    ssd/clk_IBUF_BUFG
    SLICE_X54Y24         FDCE                                         r  ssd/refresh_counter_reg[2]/C
                         clock pessimism             -0.249     1.699    
    SLICE_X54Y24         FDCE (Remov_fdce_C_CLR)     -0.067     1.632    ssd/refresh_counter_reg[2]
  -------------------------------------------------------------------
                         required time                         -1.632    
                         arrival time                           2.813    
  -------------------------------------------------------------------
                         slack                                  1.181    

Slack (MET) :             1.181ns  (arrival time - required time)
  Source:                 rst_sync2_reg/C
                            (rising edge-triggered cell FDRE clocked by sys_clk  {rise@0.000ns fall@5.000ns period=10.000ns})
  Destination:            ssd/refresh_counter_reg[3]/CLR
                            (removal check against rising-edge clock sys_clk  {rise@0.000ns fall@5.000ns period=10.000ns})
  Path Group:             **async_default**
  Path Type:              Removal (Min at Fast Process Corner)
  Requirement:            0.000ns  (sys_clk rise@0.000ns - sys_clk rise@0.000ns)
  Data Path Delay:        1.377ns  (logic 0.141ns (10.238%)  route 1.236ns (89.762%))
  Logic Levels:           0  
  Clock Path Skew:        0.263ns (DCD - SCD - CPR)
    Destination Clock Delay (DCD):    1.948ns
    Source Clock Delay      (SCD):    1.436ns
    Clock Pessimism Removal (CPR):    0.249ns

    Location             Delay type                Incr(ns)  Path(ns)    Netlist Resource(s)
  -------------------------------------------------------------------    -------------------
                         (clock sys_clk rise edge)    0.000     0.000 r  
    W5                                                0.000     0.000 r  clk (IN)
                         net (fo=0)                   0.000     0.000    clk
    W5                   IBUF (Prop_ibuf_I_O)         0.226     0.226 r  clk_IBUF_inst/O
                         net (fo=1, routed)           0.631     0.858    clk_IBUF
    BUFGCTRL_X0Y1        BUFG (Prop_bufg_I_O)         0.026     0.884 r  clk_IBUF_BUFG_inst/O
                         net (fo=46, routed)          0.553     1.436    clk_IBUF_BUFG
    SLICE_X28Y21         FDRE                                         r  rst_sync2_reg/C
  -------------------------------------------------------------------    -------------------
    SLICE_X28Y21         FDRE (Prop_fdre_C_Q)         0.141     1.577 f  rst_sync2_reg/Q
                         net (fo=1100, routed)        1.236     2.813    ssd/rst_sync2
    SLICE_X54Y24         FDCE                                         f  ssd/refresh_counter_reg[3]/CLR
  -------------------------------------------------------------------    -------------------

                         (clock sys_clk rise edge)    0.000     0.000 r  
    W5                                                0.000     0.000 r  clk (IN)
                         net (fo=0)                   0.000     0.000    clk
    W5                   IBUF (Prop_ibuf_I_O)         0.414     0.414 r  clk_IBUF_inst/O
                         net (fo=1, routed)           0.685     1.099    clk_IBUF
    BUFGCTRL_X0Y1        BUFG (Prop_bufg_I_O)         0.029     1.128 r  clk_IBUF_BUFG_inst/O
                         net (fo=46, routed)          0.821     1.948    ssd/clk_IBUF_BUFG
    SLICE_X54Y24         FDCE                                         r  ssd/refresh_counter_reg[3]/C
                         clock pessimism             -0.249     1.699    
    SLICE_X54Y24         FDCE (Remov_fdce_C_CLR)     -0.067     1.632    ssd/refresh_counter_reg[3]
  -------------------------------------------------------------------
                         required time                         -1.632    
                         arrival time                           2.813    
  -------------------------------------------------------------------
                         slack                                  1.181    

Slack (MET) :             1.281ns  (arrival time - required time)
  Source:                 rst_sync2_reg/C
                            (rising edge-triggered cell FDRE clocked by sys_clk  {rise@0.000ns fall@5.000ns period=10.000ns})
  Destination:            ssd/refresh_counter_reg[4]/CLR
                            (removal check against rising-edge clock sys_clk  {rise@0.000ns fall@5.000ns period=10.000ns})
  Path Group:             **async_default**
  Path Type:              Removal (Min at Fast Process Corner)
  Requirement:            0.000ns  (sys_clk rise@0.000ns - sys_clk rise@0.000ns)
  Data Path Delay:        1.477ns  (logic 0.141ns (9.548%)  route 1.336ns (90.452%))
  Logic Levels:           0  
  Clock Path Skew:        0.263ns (DCD - SCD - CPR)
    Destination Clock Delay (DCD):    1.948ns
    Source Clock Delay      (SCD):    1.436ns
    Clock Pessimism Removal (CPR):    0.249ns

    Location             Delay type                Incr(ns)  Path(ns)    Netlist Resource(s)
  -------------------------------------------------------------------    -------------------
                         (clock sys_clk rise edge)    0.000     0.000 r  
    W5                                                0.000     0.000 r  clk (IN)
                         net (fo=0)                   0.000     0.000    clk
    W5                   IBUF (Prop_ibuf_I_O)         0.226     0.226 r  clk_IBUF_inst/O
                         net (fo=1, routed)           0.631     0.858    clk_IBUF
    BUFGCTRL_X0Y1        BUFG (Prop_bufg_I_O)         0.026     0.884 r  clk_IBUF_BUFG_inst/O
                         net (fo=46, routed)          0.553     1.436    clk_IBUF_BUFG
    SLICE_X28Y21         FDRE                                         r  rst_sync2_reg/C
  -------------------------------------------------------------------    -------------------
    SLICE_X28Y21         FDRE (Prop_fdre_C_Q)         0.141     1.577 f  rst_sync2_reg/Q
                         net (fo=1100, routed)        1.336     2.913    ssd/rst_sync2
    SLICE_X54Y25         FDCE                                         f  ssd/refresh_counter_reg[4]/CLR
  -------------------------------------------------------------------    -------------------

                         (clock sys_clk rise edge)    0.000     0.000 r  
    W5                                                0.000     0.000 r  clk (IN)
                         net (fo=0)                   0.000     0.000    clk
    W5                   IBUF (Prop_ibuf_I_O)         0.414     0.414 r  clk_IBUF_inst/O
                         net (fo=1, routed)           0.685     1.099    clk_IBUF
    BUFGCTRL_X0Y1        BUFG (Prop_bufg_I_O)         0.029     1.128 r  clk_IBUF_BUFG_inst/O
                         net (fo=46, routed)          0.821     1.948    ssd/clk_IBUF_BUFG
    SLICE_X54Y25         FDCE                                         r  ssd/refresh_counter_reg[4]/C
                         clock pessimism             -0.249     1.699    
    SLICE_X54Y25         FDCE (Remov_fdce_C_CLR)     -0.067     1.632    ssd/refresh_counter_reg[4]
  -------------------------------------------------------------------
                         required time                         -1.632    
                         arrival time                           2.913    
  -------------------------------------------------------------------
                         slack                                  1.281    

Slack (MET) :             1.281ns  (arrival time - required time)
  Source:                 rst_sync2_reg/C
                            (rising edge-triggered cell FDRE clocked by sys_clk  {rise@0.000ns fall@5.000ns period=10.000ns})
  Destination:            ssd/refresh_counter_reg[5]/CLR
                            (removal check against rising-edge clock sys_clk  {rise@0.000ns fall@5.000ns period=10.000ns})
  Path Group:             **async_default**
  Path Type:              Removal (Min at Fast Process Corner)
  Requirement:            0.000ns  (sys_clk rise@0.000ns - sys_clk rise@0.000ns)
  Data Path Delay:        1.477ns  (logic 0.141ns (9.548%)  route 1.336ns (90.452%))
  Logic Levels:           0  
  Clock Path Skew:        0.263ns (DCD - SCD - CPR)
    Destination Clock Delay (DCD):    1.948ns
    Source Clock Delay      (SCD):    1.436ns
    Clock Pessimism Removal (CPR):    0.249ns

    Location             Delay type                Incr(ns)  Path(ns)    Netlist Resource(s)
  -------------------------------------------------------------------    -------------------
                         (clock sys_clk rise edge)    0.000     0.000 r  
    W5                                                0.000     0.000 r  clk (IN)
                         net (fo=0)                   0.000     0.000    clk
    W5                   IBUF (Prop_ibuf_I_O)         0.226     0.226 r  clk_IBUF_inst/O
                         net (fo=1, routed)           0.631     0.858    clk_IBUF
    BUFGCTRL_X0Y1        BUFG (Prop_bufg_I_O)         0.026     0.884 r  clk_IBUF_BUFG_inst/O
                         net (fo=46, routed)          0.553     1.436    clk_IBUF_BUFG
    SLICE_X28Y21         FDRE                                         r  rst_sync2_reg/C
  -------------------------------------------------------------------    -------------------
    SLICE_X28Y21         FDRE (Prop_fdre_C_Q)         0.141     1.577 f  rst_sync2_reg/Q
                         net (fo=1100, routed)        1.336     2.913    ssd/rst_sync2
    SLICE_X54Y25         FDCE                                         f  ssd/refresh_counter_reg[5]/CLR
  -------------------------------------------------------------------    -------------------

                         (clock sys_clk rise edge)    0.000     0.000 r  
    W5                                                0.000     0.000 r  clk (IN)
                         net (fo=0)                   0.000     0.000    clk
    W5                   IBUF (Prop_ibuf_I_O)         0.414     0.414 r  clk_IBUF_inst/O
                         net (fo=1, routed)           0.685     1.099    clk_IBUF
    BUFGCTRL_X0Y1        BUFG (Prop_bufg_I_O)         0.029     1.128 r  clk_IBUF_BUFG_inst/O
                         net (fo=46, routed)          0.821     1.948    ssd/clk_IBUF_BUFG
    SLICE_X54Y25         FDCE                                         r  ssd/refresh_counter_reg[5]/C
                         clock pessimism             -0.249     1.699    
    SLICE_X54Y25         FDCE (Remov_fdce_C_CLR)     -0.067     1.632    ssd/refresh_counter_reg[5]
  -------------------------------------------------------------------
                         required time                         -1.632    
                         arrival time                           2.913    
  -------------------------------------------------------------------
                         slack                                  1.281    

Slack (MET) :             1.281ns  (arrival time - required time)
  Source:                 rst_sync2_reg/C
                            (rising edge-triggered cell FDRE clocked by sys_clk  {rise@0.000ns fall@5.000ns period=10.000ns})
  Destination:            ssd/refresh_counter_reg[6]/CLR
                            (removal check against rising-edge clock sys_clk  {rise@0.000ns fall@5.000ns period=10.000ns})
  Path Group:             **async_default**
  Path Type:              Removal (Min at Fast Process Corner)
  Requirement:            0.000ns  (sys_clk rise@0.000ns - sys_clk rise@0.000ns)
  Data Path Delay:        1.477ns  (logic 0.141ns (9.548%)  route 1.336ns (90.452%))
  Logic Levels:           0  
  Clock Path Skew:        0.263ns (DCD - SCD - CPR)
    Destination Clock Delay (DCD):    1.948ns
    Source Clock Delay      (SCD):    1.436ns
    Clock Pessimism Removal (CPR):    0.249ns

    Location             Delay type                Incr(ns)  Path(ns)    Netlist Resource(s)
  -------------------------------------------------------------------    -------------------
                         (clock sys_clk rise edge)    0.000     0.000 r  
    W5                                                0.000     0.000 r  clk (IN)
                         net (fo=0)                   0.000     0.000    clk
    W5                   IBUF (Prop_ibuf_I_O)         0.226     0.226 r  clk_IBUF_inst/O
                         net (fo=1, routed)           0.631     0.858    clk_IBUF
    BUFGCTRL_X0Y1        BUFG (Prop_bufg_I_O)         0.026     0.884 r  clk_IBUF_BUFG_inst/O
                         net (fo=46, routed)          0.553     1.436    clk_IBUF_BUFG
    SLICE_X28Y21         FDRE                                         r  rst_sync2_reg/C
  -------------------------------------------------------------------    -------------------
    SLICE_X28Y21         FDRE (Prop_fdre_C_Q)         0.141     1.577 f  rst_sync2_reg/Q
                         net (fo=1100, routed)        1.336     2.913    ssd/rst_sync2
    SLICE_X54Y25         FDCE                                         f  ssd/refresh_counter_reg[6]/CLR
  -------------------------------------------------------------------    -------------------

                         (clock sys_clk rise edge)    0.000     0.000 r  
    W5                                                0.000     0.000 r  clk (IN)
                         net (fo=0)                   0.000     0.000    clk
    W5                   IBUF (Prop_ibuf_I_O)         0.414     0.414 r  clk_IBUF_inst/O
                         net (fo=1, routed)           0.685     1.099    clk_IBUF
    BUFGCTRL_X0Y1        BUFG (Prop_bufg_I_O)         0.029     1.128 r  clk_IBUF_BUFG_inst/O
                         net (fo=46, routed)          0.821     1.948    ssd/clk_IBUF_BUFG
    SLICE_X54Y25         FDCE                                         r  ssd/refresh_counter_reg[6]/C
                         clock pessimism             -0.249     1.699    
    SLICE_X54Y25         FDCE (Remov_fdce_C_CLR)     -0.067     1.632    ssd/refresh_counter_reg[6]
  -------------------------------------------------------------------
                         required time                         -1.632    
                         arrival time                           2.913    
  -------------------------------------------------------------------
                         slack                                  1.281    

Slack (MET) :             1.281ns  (arrival time - required time)
  Source:                 rst_sync2_reg/C
                            (rising edge-triggered cell FDRE clocked by sys_clk  {rise@0.000ns fall@5.000ns period=10.000ns})
  Destination:            ssd/refresh_counter_reg[7]/CLR
                            (removal check against rising-edge clock sys_clk  {rise@0.000ns fall@5.000ns period=10.000ns})
  Path Group:             **async_default**
  Path Type:              Removal (Min at Fast Process Corner)
  Requirement:            0.000ns  (sys_clk rise@0.000ns - sys_clk rise@0.000ns)
  Data Path Delay:        1.477ns  (logic 0.141ns (9.548%)  route 1.336ns (90.452%))
  Logic Levels:           0  
  Clock Path Skew:        0.263ns (DCD - SCD - CPR)
    Destination Clock Delay (DCD):    1.948ns
    Source Clock Delay      (SCD):    1.436ns
    Clock Pessimism Removal (CPR):    0.249ns

    Location             Delay type                Incr(ns)  Path(ns)    Netlist Resource(s)
  -------------------------------------------------------------------    -------------------
                         (clock sys_clk rise edge)    0.000     0.000 r  
    W5                                                0.000     0.000 r  clk (IN)
                         net (fo=0)                   0.000     0.000    clk
    W5                   IBUF (Prop_ibuf_I_O)         0.226     0.226 r  clk_IBUF_inst/O
                         net (fo=1, routed)           0.631     0.858    clk_IBUF
    BUFGCTRL_X0Y1        BUFG (Prop_bufg_I_O)         0.026     0.884 r  clk_IBUF_BUFG_inst/O
                         net (fo=46, routed)          0.553     1.436    clk_IBUF_BUFG
    SLICE_X28Y21         FDRE                                         r  rst_sync2_reg/C
  -------------------------------------------------------------------    -------------------
    SLICE_X28Y21         FDRE (Prop_fdre_C_Q)         0.141     1.577 f  rst_sync2_reg/Q
                         net (fo=1100, routed)        1.336     2.913    ssd/rst_sync2
    SLICE_X54Y25         FDCE                                         f  ssd/refresh_counter_reg[7]/CLR
  -------------------------------------------------------------------    -------------------

                         (clock sys_clk rise edge)    0.000     0.000 r  
    W5                                                0.000     0.000 r  clk (IN)
                         net (fo=0)                   0.000     0.000    clk
    W5                   IBUF (Prop_ibuf_I_O)         0.414     0.414 r  clk_IBUF_inst/O
                         net (fo=1, routed)           0.685     1.099    clk_IBUF
    BUFGCTRL_X0Y1        BUFG (Prop_bufg_I_O)         0.029     1.128 r  clk_IBUF_BUFG_inst/O
                         net (fo=46, routed)          0.821     1.948    ssd/clk_IBUF_BUFG
    SLICE_X54Y25         FDCE                                         r  ssd/refresh_counter_reg[7]/C
                         clock pessimism             -0.249     1.699    
    SLICE_X54Y25         FDCE (Remov_fdce_C_CLR)     -0.067     1.632    ssd/refresh_counter_reg[7]
  -------------------------------------------------------------------
                         required time                         -1.632    
                         arrival time                           2.913    
  -------------------------------------------------------------------
                         slack                                  1.281    

Slack (MET) :             1.360ns  (arrival time - required time)
  Source:                 rst_sync2_reg/C
                            (rising edge-triggered cell FDRE clocked by sys_clk  {rise@0.000ns fall@5.000ns period=10.000ns})
  Destination:            ssd/refresh_counter_reg[10]/CLR
                            (removal check against rising-edge clock sys_clk  {rise@0.000ns fall@5.000ns period=10.000ns})
  Path Group:             **async_default**
  Path Type:              Removal (Min at Fast Process Corner)
  Requirement:            0.000ns  (sys_clk rise@0.000ns - sys_clk rise@0.000ns)
  Data Path Delay:        1.557ns  (logic 0.141ns (9.054%)  route 1.416ns (90.946%))
  Logic Levels:           0  
  Clock Path Skew:        0.264ns (DCD - SCD - CPR)
    Destination Clock Delay (DCD):    1.949ns
    Source Clock Delay      (SCD):    1.436ns
    Clock Pessimism Removal (CPR):    0.249ns

    Location             Delay type                Incr(ns)  Path(ns)    Netlist Resource(s)
  -------------------------------------------------------------------    -------------------
                         (clock sys_clk rise edge)    0.000     0.000 r  
    W5                                                0.000     0.000 r  clk (IN)
                         net (fo=0)                   0.000     0.000    clk
    W5                   IBUF (Prop_ibuf_I_O)         0.226     0.226 r  clk_IBUF_inst/O
                         net (fo=1, routed)           0.631     0.858    clk_IBUF
    BUFGCTRL_X0Y1        BUFG (Prop_bufg_I_O)         0.026     0.884 r  clk_IBUF_BUFG_inst/O
                         net (fo=46, routed)          0.553     1.436    clk_IBUF_BUFG
    SLICE_X28Y21         FDRE                                         r  rst_sync2_reg/C
  -------------------------------------------------------------------    -------------------
    SLICE_X28Y21         FDRE (Prop_fdre_C_Q)         0.141     1.577 f  rst_sync2_reg/Q
                         net (fo=1100, routed)        1.416     2.993    ssd/rst_sync2
    SLICE_X54Y26         FDCE                                         f  ssd/refresh_counter_reg[10]/CLR
  -------------------------------------------------------------------    -------------------

                         (clock sys_clk rise edge)    0.000     0.000 r  
    W5                                                0.000     0.000 r  clk (IN)
                         net (fo=0)                   0.000     0.000    clk
    W5                   IBUF (Prop_ibuf_I_O)         0.414     0.414 r  clk_IBUF_inst/O
                         net (fo=1, routed)           0.685     1.099    clk_IBUF
    BUFGCTRL_X0Y1        BUFG (Prop_bufg_I_O)         0.029     1.128 r  clk_IBUF_BUFG_inst/O
                         net (fo=46, routed)          0.822     1.949    ssd/clk_IBUF_BUFG
    SLICE_X54Y26         FDCE                                         r  ssd/refresh_counter_reg[10]/C
                         clock pessimism             -0.249     1.700    
    SLICE_X54Y26         FDCE (Remov_fdce_C_CLR)     -0.067     1.633    ssd/refresh_counter_reg[10]
  -------------------------------------------------------------------
                         required time                         -1.633    
                         arrival time                           2.993    
  -------------------------------------------------------------------
                         slack                                  1.360    

Slack (MET) :             1.360ns  (arrival time - required time)
  Source:                 rst_sync2_reg/C
                            (rising edge-triggered cell FDRE clocked by sys_clk  {rise@0.000ns fall@5.000ns period=10.000ns})
  Destination:            ssd/refresh_counter_reg[11]/CLR
                            (removal check against rising-edge clock sys_clk  {rise@0.000ns fall@5.000ns period=10.000ns})
  Path Group:             **async_default**
  Path Type:              Removal (Min at Fast Process Corner)
  Requirement:            0.000ns  (sys_clk rise@0.000ns - sys_clk rise@0.000ns)
  Data Path Delay:        1.557ns  (logic 0.141ns (9.054%)  route 1.416ns (90.946%))
  Logic Levels:           0  
  Clock Path Skew:        0.264ns (DCD - SCD - CPR)
    Destination Clock Delay (DCD):    1.949ns
    Source Clock Delay      (SCD):    1.436ns
    Clock Pessimism Removal (CPR):    0.249ns

    Location             Delay type                Incr(ns)  Path(ns)    Netlist Resource(s)
  -------------------------------------------------------------------    -------------------
                         (clock sys_clk rise edge)    0.000     0.000 r  
    W5                                                0.000     0.000 r  clk (IN)
                         net (fo=0)                   0.000     0.000    clk
    W5                   IBUF (Prop_ibuf_I_O)         0.226     0.226 r  clk_IBUF_inst/O
                         net (fo=1, routed)           0.631     0.858    clk_IBUF
    BUFGCTRL_X0Y1        BUFG (Prop_bufg_I_O)         0.026     0.884 r  clk_IBUF_BUFG_inst/O
                         net (fo=46, routed)          0.553     1.436    clk_IBUF_BUFG
    SLICE_X28Y21         FDRE                                         r  rst_sync2_reg/C
  -------------------------------------------------------------------    -------------------
    SLICE_X28Y21         FDRE (Prop_fdre_C_Q)         0.141     1.577 f  rst_sync2_reg/Q
                         net (fo=1100, routed)        1.416     2.993    ssd/rst_sync2
    SLICE_X54Y26         FDCE                                         f  ssd/refresh_counter_reg[11]/CLR
  -------------------------------------------------------------------    -------------------

                         (clock sys_clk rise edge)    0.000     0.000 r  
    W5                                                0.000     0.000 r  clk (IN)
                         net (fo=0)                   0.000     0.000    clk
    W5                   IBUF (Prop_ibuf_I_O)         0.414     0.414 r  clk_IBUF_inst/O
                         net (fo=1, routed)           0.685     1.099    clk_IBUF
    BUFGCTRL_X0Y1        BUFG (Prop_bufg_I_O)         0.029     1.128 r  clk_IBUF_BUFG_inst/O
                         net (fo=46, routed)          0.822     1.949    ssd/clk_IBUF_BUFG
    SLICE_X54Y26         FDCE                                         r  ssd/refresh_counter_reg[11]/C
                         clock pessimism             -0.249     1.700    
    SLICE_X54Y26         FDCE (Remov_fdce_C_CLR)     -0.067     1.633    ssd/refresh_counter_reg[11]
  -------------------------------------------------------------------
                         required time                         -1.633    
                         arrival time                           2.993    
  -------------------------------------------------------------------
                         slack                                  1.360    





