Copyright 1986-2020 Xilinx, Inc. All Rights Reserved.
-----------------------------------------------------------------------------------------------------------------------------------------------------------------------------------------------
| Tool Version : Vivado v.2020.1 (win64) Build 2902540 Wed May 27 19:54:49 MDT 2020
| Date         : Tue Apr 14 11:18:18 2026
| Host         : HU-DOPX-ML05 running 64-bit major release  (build 9200)
| Command      : report_timing_summary -max_paths 10 -file fpga_top_timing_summary_routed.rpt -pb fpga_top_timing_summary_routed.pb -rpx fpga_top_timing_summary_routed.rpx -warn_on_violation
| Design       : fpga_top
| Device       : 7a35t-cpg236
| Speed File   : -1  PRODUCTION 1.23 2018-06-13
-----------------------------------------------------------------------------------------------------------------------------------------------------------------------------------------------

Timing Summary Report

------------------------------------------------------------------------------------------------
| Timer Settings
| --------------
------------------------------------------------------------------------------------------------

  Enable Multi Corner Analysis               :  Yes
  Enable Pessimism Removal                   :  Yes
  Pessimism Removal Resolution               :  Nearest Common Node
  Enable Input Delay Default Clock           :  No
  Enable Preset / Clear Arcs                 :  No
  Disable Flight Delays                      :  No
  Ignore I/O Paths                           :  No
  Timing Early Launch at Borrowing Latches   :  No
  Borrow Time for Max Delay Exceptions       :  Yes
  Merge Timing Exceptions                    :  Yes

  Corner  Analyze    Analyze    
  Name    Max Paths  Min Paths  
  ------  ---------  ---------  
  Slow    Yes        Yes        
  Fast    Yes        Yes        



check_timing report

Table of Contents
-----------------
1. checking no_clock (1319)
2. checking constant_clock (0)
3. checking pulse_width_clock (0)
4. checking unconstrained_internal_endpoints (5710)
5. checking no_input_delay (17)
6. checking no_output_delay (27)
7. checking multiple_clock (0)
8. checking generated_clocks (0)
9. checking loops (0)
10. checking partial_input_delay (0)
11. checking partial_output_delay (0)
12. checking latch_loops (0)

1. checking no_clock (1319)
---------------------------
 There are 1319 register/latch pins with no clock driven by root clock pin: clk_div/clk_out_reg/Q (HIGH)


2. checking constant_clock (0)
------------------------------
 There are 0 register/latch pins with constant_clock.


3. checking pulse_width_clock (0)
---------------------------------
 There are 0 register/latch pins which need pulse_width check


4. checking unconstrained_internal_endpoints (5710)
---------------------------------------------------
 There are 5710 pins that are not constrained for maximum delay. (HIGH)

 There are 0 pins that are not constrained for maximum delay due to constant clock.


5. checking no_input_delay (17)
-------------------------------
 There are 17 input ports with no input delay specified. (HIGH)

 There are 0 input ports with no input delay but user has a false path constraint.


6. checking no_output_delay (27)
--------------------------------
 There are 27 ports with no output delay specified. (HIGH)

 There are 0 ports with no output delay but user has a false path constraint

 There are 0 ports with no output delay but with a timing clock defined on it or propagating through it


7. checking multiple_clock (0)
------------------------------
 There are 0 register/latch pins with multiple clocks.


8. checking generated_clocks (0)
--------------------------------
 There are 0 generated clocks that are not connected to a clock source.


9. checking loops (0)
---------------------
 There are 0 combinational loops in the design.


10. checking partial_input_delay (0)
------------------------------------
 There are 0 input ports with partial input delay specified.


11. checking partial_output_delay (0)
-------------------------------------
 There are 0 ports with partial output delay specified.


12. checking latch_loops (0)
----------------------------
 There are 0 combinational latch loops in the design through latch input



------------------------------------------------------------------------------------------------
| Design Timing Summary
| ---------------------
------------------------------------------------------------------------------------------------

    WNS(ns)      TNS(ns)  TNS Failing Endpoints  TNS Total Endpoints      WHS(ns)      THS(ns)  THS Failing Endpoints  THS Total Endpoints     WPWS(ns)     TPWS(ns)  TPWS Failing Endpoints  TPWS Total Endpoints  
    -------      -------  ---------------------  -------------------      -------      -------  ---------------------  -------------------     --------     --------  ----------------------  --------------------  
      3.981        0.000                      0                   89        0.104        0.000                      0                   89        4.500        0.000                       0                    47  


All user specified timing constraints are met.


------------------------------------------------------------------------------------------------
| Clock Summary
| -------------
------------------------------------------------------------------------------------------------

Clock    Waveform(ns)       Period(ns)      Frequency(MHz)
-----    ------------       ----------      --------------
sys_clk  {0.000 5.000}      10.000          100.000         


------------------------------------------------------------------------------------------------
| Intra Clock Table
| -----------------
------------------------------------------------------------------------------------------------

Clock             WNS(ns)      TNS(ns)  TNS Failing Endpoints  TNS Total Endpoints      WHS(ns)      THS(ns)  THS Failing Endpoints  THS Total Endpoints     WPWS(ns)     TPWS(ns)  TPWS Failing Endpoints  TPWS Total Endpoints  
-----             -------      -------  ---------------------  -------------------      -------      -------  ---------------------  -------------------     --------     --------  ----------------------  --------------------  
sys_clk             6.056        0.000                      0                   45        0.104        0.000                      0                   45        4.500        0.000                       0                    47  


------------------------------------------------------------------------------------------------
| Inter Clock Table
| -----------------
------------------------------------------------------------------------------------------------

From Clock    To Clock          WNS(ns)      TNS(ns)  TNS Failing Endpoints  TNS Total Endpoints      WHS(ns)      THS(ns)  THS Failing Endpoints  THS Total Endpoints  
----------    --------          -------      -------  ---------------------  -------------------      -------      -------  ---------------------  -------------------  


------------------------------------------------------------------------------------------------
| Other Path Groups Table
| -----------------------
------------------------------------------------------------------------------------------------

Path Group         From Clock         To Clock               WNS(ns)      TNS(ns)  TNS Failing Endpoints  TNS Total Endpoints      WHS(ns)      THS(ns)  THS Failing Endpoints  THS Total Endpoints  
----------         ----------         --------               -------      -------  ---------------------  -------------------      -------      -------  ---------------------  -------------------  
**async_default**  sys_clk            sys_clk                  3.981        0.000                      0                   44        0.115        0.000                      0                   44  


------------------------------------------------------------------------------------------------
| Timing Details
| --------------
------------------------------------------------------------------------------------------------


---------------------------------------------------------------------------------------------------
From Clock:  sys_clk
  To Clock:  sys_clk

Setup :            0  Failing Endpoints,  Worst Slack        6.056ns,  Total Violation        0.000ns
Hold  :            0  Failing Endpoints,  Worst Slack        0.104ns,  Total Violation        0.000ns
PW    :            0  Failing Endpoints,  Worst Slack        4.500ns,  Total Violation        0.000ns
---------------------------------------------------------------------------------------------------


Max Delay Paths
--------------------------------------------------------------------------------------
Slack (MET) :             6.056ns  (required time - arrival time)
  Source:                 clk_div/counter_reg[6]/C
                            (rising edge-triggered cell FDCE clocked by sys_clk  {rise@0.000ns fall@5.000ns period=10.000ns})
  Destination:            clk_div/counter_reg[10]/D
                            (rising edge-triggered cell FDCE clocked by sys_clk  {rise@0.000ns fall@5.000ns period=10.000ns})
  Path Group:             sys_clk
  Path Type:              Setup (Max at Slow Process Corner)
  Requirement:            10.000ns  (sys_clk rise@10.000ns - sys_clk rise@0.000ns)
  Data Path Delay:        3.914ns  (logic 0.704ns (17.989%)  route 3.210ns (82.011%))
  Logic Levels:           2  (LUT4=1 LUT6=1)
  Clock Path Skew:        -0.024ns (DCD - SCD + CPR)
    Destination Clock Delay (DCD):    4.786ns = ( 14.786 - 10.000 ) 
    Source Clock Delay      (SCD):    5.085ns
    Clock Pessimism Removal (CPR):    0.275ns
  Clock Uncertainty:      0.035ns  ((TSJ^2 + TIJ^2)^1/2 + DJ) / 2 + PE
    Total System Jitter     (TSJ):    0.071ns
    Total Input Jitter      (TIJ):    0.000ns
    Discrete Jitter          (DJ):    0.000ns
    Phase Error              (PE):    0.000ns

    Location             Delay type                Incr(ns)  Path(ns)    Netlist Resource(s)
  -------------------------------------------------------------------    -------------------
                         (clock sys_clk rise edge)    0.000     0.000 r  
    W5                                                0.000     0.000 r  clk (IN)
                         net (fo=0)                   0.000     0.000    clk
    W5                   IBUF (Prop_ibuf_I_O)         1.458     1.458 r  clk_IBUF_inst/O
                         net (fo=1, routed)           1.967     3.425    clk_IBUF
    BUFGCTRL_X0Y1        BUFG (Prop_bufg_I_O)         0.096     3.521 r  clk_IBUF_BUFG_inst/O
                         net (fo=46, routed)          1.564     5.085    clk_div/clk
    SLICE_X33Y42         FDCE                                         r  clk_div/counter_reg[6]/C
  -------------------------------------------------------------------    -------------------
    SLICE_X33Y42         FDCE (Prop_fdce_C_Q)         0.456     5.541 r  clk_div/counter_reg[6]/Q
                         net (fo=2, routed)           1.045     6.587    clk_div/counter_reg_n_0_[6]
    SLICE_X33Y41         LUT4 (Prop_lut4_I1_O)        0.124     6.711 r  clk_div/counter[24]_i_2/O
                         net (fo=25, routed)          2.164     8.875    clk_div/counter[24]_i_2_n_0
    SLICE_X33Y43         LUT6 (Prop_lut6_I3_O)        0.124     8.999 r  clk_div/counter[10]_i_1/O
                         net (fo=1, routed)           0.000     8.999    clk_div/counter[10]
    SLICE_X33Y43         FDCE                                         r  clk_div/counter_reg[10]/D
  -------------------------------------------------------------------    -------------------

                         (clock sys_clk rise edge)   10.000    10.000 r  
    W5                                                0.000    10.000 r  clk (IN)
                         net (fo=0)                   0.000    10.000    clk
    W5                   IBUF (Prop_ibuf_I_O)         1.388    11.388 r  clk_IBUF_inst/O
                         net (fo=1, routed)           1.862    13.250    clk_IBUF
    BUFGCTRL_X0Y1        BUFG (Prop_bufg_I_O)         0.091    13.341 r  clk_IBUF_BUFG_inst/O
                         net (fo=46, routed)          1.445    14.786    clk_div/clk
    SLICE_X33Y43         FDCE                                         r  clk_div/counter_reg[10]/C
                         clock pessimism              0.275    15.061    
                         clock uncertainty           -0.035    15.026    
    SLICE_X33Y43         FDCE (Setup_fdce_C_D)        0.029    15.055    clk_div/counter_reg[10]
  -------------------------------------------------------------------
                         required time                         15.055    
                         arrival time                          -8.999    
  -------------------------------------------------------------------
                         slack                                  6.056    

Slack (MET) :             6.219ns  (required time - arrival time)
  Source:                 clk_div/counter_reg[6]/C
                            (rising edge-triggered cell FDCE clocked by sys_clk  {rise@0.000ns fall@5.000ns period=10.000ns})
  Destination:            clk_div/counter_reg[16]/D
                            (rising edge-triggered cell FDCE clocked by sys_clk  {rise@0.000ns fall@5.000ns period=10.000ns})
  Path Group:             sys_clk
  Path Type:              Setup (Max at Slow Process Corner)
  Requirement:            10.000ns  (sys_clk rise@10.000ns - sys_clk rise@0.000ns)
  Data Path Delay:        3.751ns  (logic 0.704ns (18.768%)  route 3.047ns (81.232%))
  Logic Levels:           2  (LUT4=1 LUT6=1)
  Clock Path Skew:        -0.024ns (DCD - SCD + CPR)
    Destination Clock Delay (DCD):    4.786ns = ( 14.786 - 10.000 ) 
    Source Clock Delay      (SCD):    5.085ns
    Clock Pessimism Removal (CPR):    0.275ns
  Clock Uncertainty:      0.035ns  ((TSJ^2 + TIJ^2)^1/2 + DJ) / 2 + PE
    Total System Jitter     (TSJ):    0.071ns
    Total Input Jitter      (TIJ):    0.000ns
    Discrete Jitter          (DJ):    0.000ns
    Phase Error              (PE):    0.000ns

    Location             Delay type                Incr(ns)  Path(ns)    Netlist Resource(s)
  -------------------------------------------------------------------    -------------------
                         (clock sys_clk rise edge)    0.000     0.000 r  
    W5                                                0.000     0.000 r  clk (IN)
                         net (fo=0)                   0.000     0.000    clk
    W5                   IBUF (Prop_ibuf_I_O)         1.458     1.458 r  clk_IBUF_inst/O
                         net (fo=1, routed)           1.967     3.425    clk_IBUF
    BUFGCTRL_X0Y1        BUFG (Prop_bufg_I_O)         0.096     3.521 r  clk_IBUF_BUFG_inst/O
                         net (fo=46, routed)          1.564     5.085    clk_div/clk
    SLICE_X33Y42         FDCE                                         r  clk_div/counter_reg[6]/C
  -------------------------------------------------------------------    -------------------
    SLICE_X33Y42         FDCE (Prop_fdce_C_Q)         0.456     5.541 r  clk_div/counter_reg[6]/Q
                         net (fo=2, routed)           1.045     6.587    clk_div/counter_reg_n_0_[6]
    SLICE_X33Y41         LUT4 (Prop_lut4_I1_O)        0.124     6.711 r  clk_div/counter[24]_i_2/O
                         net (fo=25, routed)          2.002     8.712    clk_div/counter[24]_i_2_n_0
    SLICE_X33Y45         LUT6 (Prop_lut6_I3_O)        0.124     8.836 r  clk_div/counter[16]_i_1/O
                         net (fo=1, routed)           0.000     8.836    clk_div/counter[16]
    SLICE_X33Y45         FDCE                                         r  clk_div/counter_reg[16]/D
  -------------------------------------------------------------------    -------------------

                         (clock sys_clk rise edge)   10.000    10.000 r  
    W5                                                0.000    10.000 r  clk (IN)
                         net (fo=0)                   0.000    10.000    clk
    W5                   IBUF (Prop_ibuf_I_O)         1.388    11.388 r  clk_IBUF_inst/O
                         net (fo=1, routed)           1.862    13.250    clk_IBUF
    BUFGCTRL_X0Y1        BUFG (Prop_bufg_I_O)         0.091    13.341 r  clk_IBUF_BUFG_inst/O
                         net (fo=46, routed)          1.445    14.786    clk_div/clk
    SLICE_X33Y45         FDCE                                         r  clk_div/counter_reg[16]/C
                         clock pessimism              0.275    15.061    
                         clock uncertainty           -0.035    15.026    
    SLICE_X33Y45         FDCE (Setup_fdce_C_D)        0.029    15.055    clk_div/counter_reg[16]
  -------------------------------------------------------------------
                         required time                         15.055    
                         arrival time                          -8.836    
  -------------------------------------------------------------------
                         slack                                  6.219    

Slack (MET) :             6.221ns  (required time - arrival time)
  Source:                 clk_div/counter_reg[6]/C
                            (rising edge-triggered cell FDCE clocked by sys_clk  {rise@0.000ns fall@5.000ns period=10.000ns})
  Destination:            clk_div/counter_reg[20]/D
                            (rising edge-triggered cell FDCE clocked by sys_clk  {rise@0.000ns fall@5.000ns period=10.000ns})
  Path Group:             sys_clk
  Path Type:              Setup (Max at Slow Process Corner)
  Requirement:            10.000ns  (sys_clk rise@10.000ns - sys_clk rise@0.000ns)
  Data Path Delay:        3.751ns  (logic 0.704ns (18.768%)  route 3.047ns (81.232%))
  Logic Levels:           2  (LUT4=1 LUT6=1)
  Clock Path Skew:        -0.024ns (DCD - SCD + CPR)
    Destination Clock Delay (DCD):    4.786ns = ( 14.786 - 10.000 ) 
    Source Clock Delay      (SCD):    5.085ns
    Clock Pessimism Removal (CPR):    0.275ns
  Clock Uncertainty:      0.035ns  ((TSJ^2 + TIJ^2)^1/2 + DJ) / 2 + PE
    Total System Jitter     (TSJ):    0.071ns
    Total Input Jitter      (TIJ):    0.000ns
    Discrete Jitter          (DJ):    0.000ns
    Phase Error              (PE):    0.000ns

    Location             Delay type                Incr(ns)  Path(ns)    Netlist Resource(s)
  -------------------------------------------------------------------    -------------------
                         (clock sys_clk rise edge)    0.000     0.000 r  
    W5                                                0.000     0.000 r  clk (IN)
                         net (fo=0)                   0.000     0.000    clk
    W5                   IBUF (Prop_ibuf_I_O)         1.458     1.458 r  clk_IBUF_inst/O
                         net (fo=1, routed)           1.967     3.425    clk_IBUF
    BUFGCTRL_X0Y1        BUFG (Prop_bufg_I_O)         0.096     3.521 r  clk_IBUF_BUFG_inst/O
                         net (fo=46, routed)          1.564     5.085    clk_div/clk
    SLICE_X33Y42         FDCE                                         r  clk_div/counter_reg[6]/C
  -------------------------------------------------------------------    -------------------
    SLICE_X33Y42         FDCE (Prop_fdce_C_Q)         0.456     5.541 r  clk_div/counter_reg[6]/Q
                         net (fo=2, routed)           1.045     6.587    clk_div/counter_reg_n_0_[6]
    SLICE_X33Y41         LUT4 (Prop_lut4_I1_O)        0.124     6.711 r  clk_div/counter[24]_i_2/O
                         net (fo=25, routed)          2.002     8.712    clk_div/counter[24]_i_2_n_0
    SLICE_X33Y45         LUT6 (Prop_lut6_I3_O)        0.124     8.836 r  clk_div/counter[20]_i_1/O
                         net (fo=1, routed)           0.000     8.836    clk_div/counter[20]
    SLICE_X33Y45         FDCE                                         r  clk_div/counter_reg[20]/D
  -------------------------------------------------------------------    -------------------

                         (clock sys_clk rise edge)   10.000    10.000 r  
    W5                                                0.000    10.000 r  clk (IN)
                         net (fo=0)                   0.000    10.000    clk
    W5                   IBUF (Prop_ibuf_I_O)         1.388    11.388 r  clk_IBUF_inst/O
                         net (fo=1, routed)           1.862    13.250    clk_IBUF
    BUFGCTRL_X0Y1        BUFG (Prop_bufg_I_O)         0.091    13.341 r  clk_IBUF_BUFG_inst/O
                         net (fo=46, routed)          1.445    14.786    clk_div/clk
    SLICE_X33Y45         FDCE                                         r  clk_div/counter_reg[20]/C
                         clock pessimism              0.275    15.061    
                         clock uncertainty           -0.035    15.026    
    SLICE_X33Y45         FDCE (Setup_fdce_C_D)        0.031    15.057    clk_div/counter_reg[20]
  -------------------------------------------------------------------
                         required time                         15.057    
                         arrival time                          -8.836    
  -------------------------------------------------------------------
                         slack                                  6.221    

Slack (MET) :             6.222ns  (required time - arrival time)
  Source:                 clk_div/counter_reg[6]/C
                            (rising edge-triggered cell FDCE clocked by sys_clk  {rise@0.000ns fall@5.000ns period=10.000ns})
  Destination:            clk_div/counter_reg[19]/D
                            (rising edge-triggered cell FDCE clocked by sys_clk  {rise@0.000ns fall@5.000ns period=10.000ns})
  Path Group:             sys_clk
  Path Type:              Setup (Max at Slow Process Corner)
  Requirement:            10.000ns  (sys_clk rise@10.000ns - sys_clk rise@0.000ns)
  Data Path Delay:        3.750ns  (logic 0.704ns (18.773%)  route 3.046ns (81.227%))
  Logic Levels:           2  (LUT4=1 LUT6=1)
  Clock Path Skew:        -0.024ns (DCD - SCD + CPR)
    Destination Clock Delay (DCD):    4.786ns = ( 14.786 - 10.000 ) 
    Source Clock Delay      (SCD):    5.085ns
    Clock Pessimism Removal (CPR):    0.275ns
  Clock Uncertainty:      0.035ns  ((TSJ^2 + TIJ^2)^1/2 + DJ) / 2 + PE
    Total System Jitter     (TSJ):    0.071ns
    Total Input Jitter      (TIJ):    0.000ns
    Discrete Jitter          (DJ):    0.000ns
    Phase Error              (PE):    0.000ns

    Location             Delay type                Incr(ns)  Path(ns)    Netlist Resource(s)
  -------------------------------------------------------------------    -------------------
                         (clock sys_clk rise edge)    0.000     0.000 r  
    W5                                                0.000     0.000 r  clk (IN)
                         net (fo=0)                   0.000     0.000    clk
    W5                   IBUF (Prop_ibuf_I_O)         1.458     1.458 r  clk_IBUF_inst/O
                         net (fo=1, routed)           1.967     3.425    clk_IBUF
    BUFGCTRL_X0Y1        BUFG (Prop_bufg_I_O)         0.096     3.521 r  clk_IBUF_BUFG_inst/O
                         net (fo=46, routed)          1.564     5.085    clk_div/clk
    SLICE_X33Y42         FDCE                                         r  clk_div/counter_reg[6]/C
  -------------------------------------------------------------------    -------------------
    SLICE_X33Y42         FDCE (Prop_fdce_C_Q)         0.456     5.541 r  clk_div/counter_reg[6]/Q
                         net (fo=2, routed)           1.045     6.587    clk_div/counter_reg_n_0_[6]
    SLICE_X33Y41         LUT4 (Prop_lut4_I1_O)        0.124     6.711 r  clk_div/counter[24]_i_2/O
                         net (fo=25, routed)          2.001     8.711    clk_div/counter[24]_i_2_n_0
    SLICE_X33Y45         LUT6 (Prop_lut6_I3_O)        0.124     8.835 r  clk_div/counter[19]_i_1/O
                         net (fo=1, routed)           0.000     8.835    clk_div/counter[19]
    SLICE_X33Y45         FDCE                                         r  clk_div/counter_reg[19]/D
  -------------------------------------------------------------------    -------------------

                         (clock sys_clk rise edge)   10.000    10.000 r  
    W5                                                0.000    10.000 r  clk (IN)
                         net (fo=0)                   0.000    10.000    clk
    W5                   IBUF (Prop_ibuf_I_O)         1.388    11.388 r  clk_IBUF_inst/O
                         net (fo=1, routed)           1.862    13.250    clk_IBUF
    BUFGCTRL_X0Y1        BUFG (Prop_bufg_I_O)         0.091    13.341 r  clk_IBUF_BUFG_inst/O
                         net (fo=46, routed)          1.445    14.786    clk_div/clk
    SLICE_X33Y45         FDCE                                         r  clk_div/counter_reg[19]/C
                         clock pessimism              0.275    15.061    
                         clock uncertainty           -0.035    15.026    
    SLICE_X33Y45         FDCE (Setup_fdce_C_D)        0.031    15.057    clk_div/counter_reg[19]
  -------------------------------------------------------------------
                         required time                         15.057    
                         arrival time                          -8.835    
  -------------------------------------------------------------------
                         slack                                  6.222    

Slack (MET) :             6.251ns  (required time - arrival time)
  Source:                 clk_div/counter_reg[17]/C
                            (rising edge-triggered cell FDCE clocked by sys_clk  {rise@0.000ns fall@5.000ns period=10.000ns})
  Destination:            clk_div/counter_reg[4]/D
                            (rising edge-triggered cell FDCE clocked by sys_clk  {rise@0.000ns fall@5.000ns period=10.000ns})
  Path Group:             sys_clk
  Path Type:              Setup (Max at Slow Process Corner)
  Requirement:            10.000ns  (sys_clk rise@10.000ns - sys_clk rise@0.000ns)
  Data Path Delay:        3.704ns  (logic 0.890ns (24.027%)  route 2.814ns (75.973%))
  Logic Levels:           3  (LUT4=1 LUT6=2)
  Clock Path Skew:        -0.040ns (DCD - SCD + CPR)
    Destination Clock Delay (DCD):    4.785ns = ( 14.785 - 10.000 ) 
    Source Clock Delay      (SCD):    5.085ns
    Clock Pessimism Removal (CPR):    0.260ns
  Clock Uncertainty:      0.035ns  ((TSJ^2 + TIJ^2)^1/2 + DJ) / 2 + PE
    Total System Jitter     (TSJ):    0.071ns
    Total Input Jitter      (TIJ):    0.000ns
    Discrete Jitter          (DJ):    0.000ns
    Phase Error              (PE):    0.000ns

    Location             Delay type                Incr(ns)  Path(ns)    Netlist Resource(s)
  -------------------------------------------------------------------    -------------------
                         (clock sys_clk rise edge)    0.000     0.000 r  
    W5                                                0.000     0.000 r  clk (IN)
                         net (fo=0)                   0.000     0.000    clk
    W5                   IBUF (Prop_ibuf_I_O)         1.458     1.458 r  clk_IBUF_inst/O
                         net (fo=1, routed)           1.967     3.425    clk_IBUF
    BUFGCTRL_X0Y1        BUFG (Prop_bufg_I_O)         0.096     3.521 r  clk_IBUF_BUFG_inst/O
                         net (fo=46, routed)          1.564     5.085    clk_div/clk
    SLICE_X34Y45         FDCE                                         r  clk_div/counter_reg[17]/C
  -------------------------------------------------------------------    -------------------
    SLICE_X34Y45         FDCE (Prop_fdce_C_Q)         0.518     5.603 f  clk_div/counter_reg[17]/Q
                         net (fo=2, routed)           1.157     6.760    clk_div/counter_reg_n_0_[17]
    SLICE_X33Y45         LUT4 (Prop_lut4_I1_O)        0.124     6.884 r  clk_div/counter[24]_i_7/O
                         net (fo=1, routed)           0.641     7.525    clk_div/counter[24]_i_7_n_0
    SLICE_X33Y44         LUT6 (Prop_lut6_I5_O)        0.124     7.649 r  clk_div/counter[24]_i_3/O
                         net (fo=25, routed)          1.017     8.665    clk_div/counter[24]_i_3_n_0
    SLICE_X33Y41         LUT6 (Prop_lut6_I4_O)        0.124     8.789 r  clk_div/counter[4]_i_1/O
                         net (fo=1, routed)           0.000     8.789    clk_div/counter[4]
    SLICE_X33Y41         FDCE                                         r  clk_div/counter_reg[4]/D
  -------------------------------------------------------------------    -------------------

                         (clock sys_clk rise edge)   10.000    10.000 r  
    W5                                                0.000    10.000 r  clk (IN)
                         net (fo=0)                   0.000    10.000    clk
    W5                   IBUF (Prop_ibuf_I_O)         1.388    11.388 r  clk_IBUF_inst/O
                         net (fo=1, routed)           1.862    13.250    clk_IBUF
    BUFGCTRL_X0Y1        BUFG (Prop_bufg_I_O)         0.091    13.341 r  clk_IBUF_BUFG_inst/O
                         net (fo=46, routed)          1.444    14.785    clk_div/clk
    SLICE_X33Y41         FDCE                                         r  clk_div/counter_reg[4]/C
                         clock pessimism              0.260    15.045    
                         clock uncertainty           -0.035    15.010    
    SLICE_X33Y41         FDCE (Setup_fdce_C_D)        0.031    15.041    clk_div/counter_reg[4]
  -------------------------------------------------------------------
                         required time                         15.041    
                         arrival time                          -8.789    
  -------------------------------------------------------------------
                         slack                                  6.251    

Slack (MET) :             6.276ns  (required time - arrival time)
  Source:                 clk_div/counter_reg[17]/C
                            (rising edge-triggered cell FDCE clocked by sys_clk  {rise@0.000ns fall@5.000ns period=10.000ns})
  Destination:            clk_div/counter_reg[24]/D
                            (rising edge-triggered cell FDCE clocked by sys_clk  {rise@0.000ns fall@5.000ns period=10.000ns})
  Path Group:             sys_clk
  Path Type:              Setup (Max at Slow Process Corner)
  Requirement:            10.000ns  (sys_clk rise@10.000ns - sys_clk rise@0.000ns)
  Data Path Delay:        3.745ns  (logic 0.890ns (23.766%)  route 2.855ns (76.234%))
  Logic Levels:           3  (LUT4=1 LUT6=2)
  Clock Path Skew:        -0.025ns (DCD - SCD + CPR)
    Destination Clock Delay (DCD):    4.785ns = ( 14.785 - 10.000 ) 
    Source Clock Delay      (SCD):    5.085ns
    Clock Pessimism Removal (CPR):    0.275ns
  Clock Uncertainty:      0.035ns  ((TSJ^2 + TIJ^2)^1/2 + DJ) / 2 + PE
    Total System Jitter     (TSJ):    0.071ns
    Total Input Jitter      (TIJ):    0.000ns
    Discrete Jitter          (DJ):    0.000ns
    Phase Error              (PE):    0.000ns

    Location             Delay type                Incr(ns)  Path(ns)    Netlist Resource(s)
  -------------------------------------------------------------------    -------------------
                         (clock sys_clk rise edge)    0.000     0.000 r  
    W5                                                0.000     0.000 r  clk (IN)
                         net (fo=0)                   0.000     0.000    clk
    W5                   IBUF (Prop_ibuf_I_O)         1.458     1.458 r  clk_IBUF_inst/O
                         net (fo=1, routed)           1.967     3.425    clk_IBUF
    BUFGCTRL_X0Y1        BUFG (Prop_bufg_I_O)         0.096     3.521 r  clk_IBUF_BUFG_inst/O
                         net (fo=46, routed)          1.564     5.085    clk_div/clk
    SLICE_X34Y45         FDCE                                         r  clk_div/counter_reg[17]/C
  -------------------------------------------------------------------    -------------------
    SLICE_X34Y45         FDCE (Prop_fdce_C_Q)         0.518     5.603 f  clk_div/counter_reg[17]/Q
                         net (fo=2, routed)           1.157     6.760    clk_div/counter_reg_n_0_[17]
    SLICE_X33Y45         LUT4 (Prop_lut4_I1_O)        0.124     6.884 r  clk_div/counter[24]_i_7/O
                         net (fo=1, routed)           0.641     7.525    clk_div/counter[24]_i_7_n_0
    SLICE_X33Y44         LUT6 (Prop_lut6_I5_O)        0.124     7.649 r  clk_div/counter[24]_i_3/O
                         net (fo=25, routed)          1.057     8.706    clk_div/counter[24]_i_3_n_0
    SLICE_X34Y46         LUT6 (Prop_lut6_I4_O)        0.124     8.830 r  clk_div/counter[24]_i_1/O
                         net (fo=1, routed)           0.000     8.830    clk_div/counter[24]
    SLICE_X34Y46         FDCE                                         r  clk_div/counter_reg[24]/D
  -------------------------------------------------------------------    -------------------

                         (clock sys_clk rise edge)   10.000    10.000 r  
    W5                                                0.000    10.000 r  clk (IN)
                         net (fo=0)                   0.000    10.000    clk
    W5                   IBUF (Prop_ibuf_I_O)         1.388    11.388 r  clk_IBUF_inst/O
                         net (fo=1, routed)           1.862    13.250    clk_IBUF
    BUFGCTRL_X0Y1        BUFG (Prop_bufg_I_O)         0.091    13.341 r  clk_IBUF_BUFG_inst/O
                         net (fo=46, routed)          1.444    14.785    clk_div/clk
    SLICE_X34Y46         FDCE                                         r  clk_div/counter_reg[24]/C
                         clock pessimism              0.275    15.060    
                         clock uncertainty           -0.035    15.025    
    SLICE_X34Y46         FDCE (Setup_fdce_C_D)        0.081    15.106    clk_div/counter_reg[24]
  -------------------------------------------------------------------
                         required time                         15.106    
                         arrival time                          -8.830    
  -------------------------------------------------------------------
                         slack                                  6.276    

Slack (MET) :             6.283ns  (required time - arrival time)
  Source:                 clk_div/counter_reg[6]/C
                            (rising edge-triggered cell FDCE clocked by sys_clk  {rise@0.000ns fall@5.000ns period=10.000ns})
  Destination:            clk_div/counter_reg[11]/D
                            (rising edge-triggered cell FDCE clocked by sys_clk  {rise@0.000ns fall@5.000ns period=10.000ns})
  Path Group:             sys_clk
  Path Type:              Setup (Max at Slow Process Corner)
  Requirement:            10.000ns  (sys_clk rise@10.000ns - sys_clk rise@0.000ns)
  Data Path Delay:        3.689ns  (logic 0.704ns (19.086%)  route 2.985ns (80.914%))
  Logic Levels:           2  (LUT4=1 LUT6=1)
  Clock Path Skew:        -0.024ns (DCD - SCD + CPR)
    Destination Clock Delay (DCD):    4.786ns = ( 14.786 - 10.000 ) 
    Source Clock Delay      (SCD):    5.085ns
    Clock Pessimism Removal (CPR):    0.275ns
  Clock Uncertainty:      0.035ns  ((TSJ^2 + TIJ^2)^1/2 + DJ) / 2 + PE
    Total System Jitter     (TSJ):    0.071ns
    Total Input Jitter      (TIJ):    0.000ns
    Discrete Jitter          (DJ):    0.000ns
    Phase Error              (PE):    0.000ns

    Location             Delay type                Incr(ns)  Path(ns)    Netlist Resource(s)
  -------------------------------------------------------------------    -------------------
                         (clock sys_clk rise edge)    0.000     0.000 r  
    W5                                                0.000     0.000 r  clk (IN)
                         net (fo=0)                   0.000     0.000    clk
    W5                   IBUF (Prop_ibuf_I_O)         1.458     1.458 r  clk_IBUF_inst/O
                         net (fo=1, routed)           1.967     3.425    clk_IBUF
    BUFGCTRL_X0Y1        BUFG (Prop_bufg_I_O)         0.096     3.521 r  clk_IBUF_BUFG_inst/O
                         net (fo=46, routed)          1.564     5.085    clk_div/clk
    SLICE_X33Y42         FDCE                                         r  clk_div/counter_reg[6]/C
  -------------------------------------------------------------------    -------------------
    SLICE_X33Y42         FDCE (Prop_fdce_C_Q)         0.456     5.541 r  clk_div/counter_reg[6]/Q
                         net (fo=2, routed)           1.045     6.587    clk_div/counter_reg_n_0_[6]
    SLICE_X33Y41         LUT4 (Prop_lut4_I1_O)        0.124     6.711 r  clk_div/counter[24]_i_2/O
                         net (fo=25, routed)          1.939     8.650    clk_div/counter[24]_i_2_n_0
    SLICE_X33Y43         LUT6 (Prop_lut6_I3_O)        0.124     8.774 r  clk_div/counter[11]_i_1/O
                         net (fo=1, routed)           0.000     8.774    clk_div/counter[11]
    SLICE_X33Y43         FDCE                                         r  clk_div/counter_reg[11]/D
  -------------------------------------------------------------------    -------------------

                         (clock sys_clk rise edge)   10.000    10.000 r  
    W5                                                0.000    10.000 r  clk (IN)
                         net (fo=0)                   0.000    10.000    clk
    W5                   IBUF (Prop_ibuf_I_O)         1.388    11.388 r  clk_IBUF_inst/O
                         net (fo=1, routed)           1.862    13.250    clk_IBUF
    BUFGCTRL_X0Y1        BUFG (Prop_bufg_I_O)         0.091    13.341 r  clk_IBUF_BUFG_inst/O
                         net (fo=46, routed)          1.445    14.786    clk_div/clk
    SLICE_X33Y43         FDCE                                         r  clk_div/counter_reg[11]/C
                         clock pessimism              0.275    15.061    
                         clock uncertainty           -0.035    15.026    
    SLICE_X33Y43         FDCE (Setup_fdce_C_D)        0.031    15.057    clk_div/counter_reg[11]
  -------------------------------------------------------------------
                         required time                         15.057    
                         arrival time                          -8.774    
  -------------------------------------------------------------------
                         slack                                  6.283    

Slack (MET) :             6.388ns  (required time - arrival time)
  Source:                 clk_div/counter_reg[5]/C
                            (rising edge-triggered cell FDCE clocked by sys_clk  {rise@0.000ns fall@5.000ns period=10.000ns})
  Destination:            clk_div/counter_reg[22]/D
                            (rising edge-triggered cell FDCE clocked by sys_clk  {rise@0.000ns fall@5.000ns period=10.000ns})
  Path Group:             sys_clk
  Path Type:              Setup (Max at Slow Process Corner)
  Requirement:            10.000ns  (sys_clk rise@10.000ns - sys_clk rise@0.000ns)
  Data Path Delay:        3.570ns  (logic 2.153ns (60.311%)  route 1.417ns (39.689%))
  Logic Levels:           6  (CARRY4=5 LUT6=1)
  Clock Path Skew:        -0.038ns (DCD - SCD + CPR)
    Destination Clock Delay (DCD):    4.786ns = ( 14.786 - 10.000 ) 
    Source Clock Delay      (SCD):    5.084ns
    Clock Pessimism Removal (CPR):    0.260ns
  Clock Uncertainty:      0.035ns  ((TSJ^2 + TIJ^2)^1/2 + DJ) / 2 + PE
    Total System Jitter     (TSJ):    0.071ns
    Total Input Jitter      (TIJ):    0.000ns
    Discrete Jitter          (DJ):    0.000ns
    Phase Error              (PE):    0.000ns

    Location             Delay type                Incr(ns)  Path(ns)    Netlist Resource(s)
  -------------------------------------------------------------------    -------------------
                         (clock sys_clk rise edge)    0.000     0.000 r  
    W5                                                0.000     0.000 r  clk (IN)
                         net (fo=0)                   0.000     0.000    clk
    W5                   IBUF (Prop_ibuf_I_O)         1.458     1.458 r  clk_IBUF_inst/O
                         net (fo=1, routed)           1.967     3.425    clk_IBUF
    BUFGCTRL_X0Y1        BUFG (Prop_bufg_I_O)         0.096     3.521 r  clk_IBUF_BUFG_inst/O
                         net (fo=46, routed)          1.563     5.084    clk_div/clk
    SLICE_X34Y42         FDCE                                         r  clk_div/counter_reg[5]/C
  -------------------------------------------------------------------    -------------------
    SLICE_X34Y42         FDCE (Prop_fdce_C_Q)         0.518     5.602 r  clk_div/counter_reg[5]/Q
                         net (fo=26, routed)          0.835     6.438    clk_div/counter_reg_n_0_[5]
    SLICE_X32Y42         CARRY4 (Prop_carry4_S[0]_CO[3])
                                                      0.656     7.094 r  clk_div/counter0_carry__0/CO[3]
                         net (fo=1, routed)           0.000     7.094    clk_div/counter0_carry__0_n_0
    SLICE_X32Y43         CARRY4 (Prop_carry4_CI_CO[3])
                                                      0.114     7.208 r  clk_div/counter0_carry__1/CO[3]
                         net (fo=1, routed)           0.000     7.208    clk_div/counter0_carry__1_n_0
    SLICE_X32Y44         CARRY4 (Prop_carry4_CI_CO[3])
                                                      0.114     7.322 r  clk_div/counter0_carry__2/CO[3]
                         net (fo=1, routed)           0.000     7.322    clk_div/counter0_carry__2_n_0
    SLICE_X32Y45         CARRY4 (Prop_carry4_CI_CO[3])
                                                      0.114     7.436 r  clk_div/counter0_carry__3/CO[3]
                         net (fo=1, routed)           0.000     7.436    clk_div/counter0_carry__3_n_0
    SLICE_X32Y46         CARRY4 (Prop_carry4_CI_O[1])
                                                      0.334     7.770 r  clk_div/counter0_carry__4/O[1]
                         net (fo=1, routed)           0.581     8.351    clk_div/data0[22]
    SLICE_X33Y46         LUT6 (Prop_lut6_I5_O)        0.303     8.654 r  clk_div/counter[22]_i_1/O
                         net (fo=1, routed)           0.000     8.654    clk_div/counter[22]
    SLICE_X33Y46         FDCE                                         r  clk_div/counter_reg[22]/D
  -------------------------------------------------------------------    -------------------

                         (clock sys_clk rise edge)   10.000    10.000 r  
    W5                                                0.000    10.000 r  clk (IN)
                         net (fo=0)                   0.000    10.000    clk
    W5                   IBUF (Prop_ibuf_I_O)         1.388    11.388 r  clk_IBUF_inst/O
                         net (fo=1, routed)           1.862    13.250    clk_IBUF
    BUFGCTRL_X0Y1        BUFG (Prop_bufg_I_O)         0.091    13.341 r  clk_IBUF_BUFG_inst/O
                         net (fo=46, routed)          1.445    14.786    clk_div/clk
    SLICE_X33Y46         FDCE                                         r  clk_div/counter_reg[22]/C
                         clock pessimism              0.260    15.046    
                         clock uncertainty           -0.035    15.011    
    SLICE_X33Y46         FDCE (Setup_fdce_C_D)        0.031    15.042    clk_div/counter_reg[22]
  -------------------------------------------------------------------
                         required time                         15.042    
                         arrival time                          -8.654    
  -------------------------------------------------------------------
                         slack                                  6.388    

Slack (MET) :             6.408ns  (required time - arrival time)
  Source:                 clk_div/counter_reg[17]/C
                            (rising edge-triggered cell FDCE clocked by sys_clk  {rise@0.000ns fall@5.000ns period=10.000ns})
  Destination:            clk_div/counter_reg[8]/D
                            (rising edge-triggered cell FDCE clocked by sys_clk  {rise@0.000ns fall@5.000ns period=10.000ns})
  Path Group:             sys_clk
  Path Type:              Setup (Max at Slow Process Corner)
  Requirement:            10.000ns  (sys_clk rise@10.000ns - sys_clk rise@0.000ns)
  Data Path Delay:        3.549ns  (logic 0.890ns (25.077%)  route 2.659ns (74.923%))
  Logic Levels:           3  (LUT4=1 LUT6=2)
  Clock Path Skew:        -0.040ns (DCD - SCD + CPR)
    Destination Clock Delay (DCD):    4.785ns = ( 14.785 - 10.000 ) 
    Source Clock Delay      (SCD):    5.085ns
    Clock Pessimism Removal (CPR):    0.260ns
  Clock Uncertainty:      0.035ns  ((TSJ^2 + TIJ^2)^1/2 + DJ) / 2 + PE
    Total System Jitter     (TSJ):    0.071ns
    Total Input Jitter      (TIJ):    0.000ns
    Discrete Jitter          (DJ):    0.000ns
    Phase Error              (PE):    0.000ns

    Location             Delay type                Incr(ns)  Path(ns)    Netlist Resource(s)
  -------------------------------------------------------------------    -------------------
                         (clock sys_clk rise edge)    0.000     0.000 r  
    W5                                                0.000     0.000 r  clk (IN)
                         net (fo=0)                   0.000     0.000    clk
    W5                   IBUF (Prop_ibuf_I_O)         1.458     1.458 r  clk_IBUF_inst/O
                         net (fo=1, routed)           1.967     3.425    clk_IBUF
    BUFGCTRL_X0Y1        BUFG (Prop_bufg_I_O)         0.096     3.521 r  clk_IBUF_BUFG_inst/O
                         net (fo=46, routed)          1.564     5.085    clk_div/clk
    SLICE_X34Y45         FDCE                                         r  clk_div/counter_reg[17]/C
  -------------------------------------------------------------------    -------------------
    SLICE_X34Y45         FDCE (Prop_fdce_C_Q)         0.518     5.603 f  clk_div/counter_reg[17]/Q
                         net (fo=2, routed)           1.157     6.760    clk_div/counter_reg_n_0_[17]
    SLICE_X33Y45         LUT4 (Prop_lut4_I1_O)        0.124     6.884 r  clk_div/counter[24]_i_7/O
                         net (fo=1, routed)           0.641     7.525    clk_div/counter[24]_i_7_n_0
    SLICE_X33Y44         LUT6 (Prop_lut6_I5_O)        0.124     7.649 r  clk_div/counter[24]_i_3/O
                         net (fo=25, routed)          0.861     8.510    clk_div/counter[24]_i_3_n_0
    SLICE_X33Y42         LUT6 (Prop_lut6_I4_O)        0.124     8.634 r  clk_div/counter[8]_i_1/O
                         net (fo=1, routed)           0.000     8.634    clk_div/counter[8]
    SLICE_X33Y42         FDCE                                         r  clk_div/counter_reg[8]/D
  -------------------------------------------------------------------    -------------------

                         (clock sys_clk rise edge)   10.000    10.000 r  
    W5                                                0.000    10.000 r  clk (IN)
                         net (fo=0)                   0.000    10.000    clk
    W5                   IBUF (Prop_ibuf_I_O)         1.388    11.388 r  clk_IBUF_inst/O
                         net (fo=1, routed)           1.862    13.250    clk_IBUF
    BUFGCTRL_X0Y1        BUFG (Prop_bufg_I_O)         0.091    13.341 r  clk_IBUF_BUFG_inst/O
                         net (fo=46, routed)          1.444    14.785    clk_div/clk
    SLICE_X33Y42         FDCE                                         r  clk_div/counter_reg[8]/C
                         clock pessimism              0.260    15.045    
                         clock uncertainty           -0.035    15.010    
    SLICE_X33Y42         FDCE (Setup_fdce_C_D)        0.032    15.042    clk_div/counter_reg[8]
  -------------------------------------------------------------------
                         required time                         15.042    
                         arrival time                          -8.634    
  -------------------------------------------------------------------
                         slack                                  6.408    

Slack (MET) :             6.410ns  (required time - arrival time)
  Source:                 clk_div/counter_reg[17]/C
                            (rising edge-triggered cell FDCE clocked by sys_clk  {rise@0.000ns fall@5.000ns period=10.000ns})
  Destination:            clk_div/counter_reg[7]/D
                            (rising edge-triggered cell FDCE clocked by sys_clk  {rise@0.000ns fall@5.000ns period=10.000ns})
  Path Group:             sys_clk
  Path Type:              Setup (Max at Slow Process Corner)
  Requirement:            10.000ns  (sys_clk rise@10.000ns - sys_clk rise@0.000ns)
  Data Path Delay:        3.546ns  (logic 0.890ns (25.098%)  route 2.656ns (74.902%))
  Logic Levels:           3  (LUT4=1 LUT6=2)
  Clock Path Skew:        -0.040ns (DCD - SCD + CPR)
    Destination Clock Delay (DCD):    4.785ns = ( 14.785 - 10.000 ) 
    Source Clock Delay      (SCD):    5.085ns
    Clock Pessimism Removal (CPR):    0.260ns
  Clock Uncertainty:      0.035ns  ((TSJ^2 + TIJ^2)^1/2 + DJ) / 2 + PE
    Total System Jitter     (TSJ):    0.071ns
    Total Input Jitter      (TIJ):    0.000ns
    Discrete Jitter          (DJ):    0.000ns
    Phase Error              (PE):    0.000ns

    Location             Delay type                Incr(ns)  Path(ns)    Netlist Resource(s)
  -------------------------------------------------------------------    -------------------
                         (clock sys_clk rise edge)    0.000     0.000 r  
    W5                                                0.000     0.000 r  clk (IN)
                         net (fo=0)                   0.000     0.000    clk
    W5                   IBUF (Prop_ibuf_I_O)         1.458     1.458 r  clk_IBUF_inst/O
                         net (fo=1, routed)           1.967     3.425    clk_IBUF
    BUFGCTRL_X0Y1        BUFG (Prop_bufg_I_O)         0.096     3.521 r  clk_IBUF_BUFG_inst/O
                         net (fo=46, routed)          1.564     5.085    clk_div/clk
    SLICE_X34Y45         FDCE                                         r  clk_div/counter_reg[17]/C
  -------------------------------------------------------------------    -------------------
    SLICE_X34Y45         FDCE (Prop_fdce_C_Q)         0.518     5.603 f  clk_div/counter_reg[17]/Q
                         net (fo=2, routed)           1.157     6.760    clk_div/counter_reg_n_0_[17]
    SLICE_X33Y45         LUT4 (Prop_lut4_I1_O)        0.124     6.884 r  clk_div/counter[24]_i_7/O
                         net (fo=1, routed)           0.641     7.525    clk_div/counter[24]_i_7_n_0
    SLICE_X33Y44         LUT6 (Prop_lut6_I5_O)        0.124     7.649 r  clk_div/counter[24]_i_3/O
                         net (fo=25, routed)          0.858     8.507    clk_div/counter[24]_i_3_n_0
    SLICE_X33Y42         LUT6 (Prop_lut6_I4_O)        0.124     8.631 r  clk_div/counter[7]_i_1/O
                         net (fo=1, routed)           0.000     8.631    clk_div/counter[7]
    SLICE_X33Y42         FDCE                                         r  clk_div/counter_reg[7]/D
  -------------------------------------------------------------------    -------------------

                         (clock sys_clk rise edge)   10.000    10.000 r  
    W5                                                0.000    10.000 r  clk (IN)
                         net (fo=0)                   0.000    10.000    clk
    W5                   IBUF (Prop_ibuf_I_O)         1.388    11.388 r  clk_IBUF_inst/O
                         net (fo=1, routed)           1.862    13.250    clk_IBUF
    BUFGCTRL_X0Y1        BUFG (Prop_bufg_I_O)         0.091    13.341 r  clk_IBUF_BUFG_inst/O
                         net (fo=46, routed)          1.444    14.785    clk_div/clk
    SLICE_X33Y42         FDCE                                         r  clk_div/counter_reg[7]/C
                         clock pessimism              0.260    15.045    
                         clock uncertainty           -0.035    15.010    
    SLICE_X33Y42         FDCE (Setup_fdce_C_D)        0.031    15.041    clk_div/counter_reg[7]
  -------------------------------------------------------------------
                         required time                         15.041    
                         arrival time                          -8.631    
  -------------------------------------------------------------------
                         slack                                  6.410    





Min Delay Paths
--------------------------------------------------------------------------------------
Slack (MET) :             0.104ns  (arrival time - required time)
  Source:                 ssd/refresh_counter_reg[6]/C
                            (rising edge-triggered cell FDCE clocked by sys_clk  {rise@0.000ns fall@5.000ns period=10.000ns})
  Destination:            ssd/refresh_counter_reg[8]/D
                            (rising edge-triggered cell FDCE clocked by sys_clk  {rise@0.000ns fall@5.000ns period=10.000ns})
  Path Group:             sys_clk
  Path Type:              Hold (Min at Fast Process Corner)
  Requirement:            0.000ns  (sys_clk rise@0.000ns - sys_clk rise@0.000ns)
  Data Path Delay:        0.477ns  (logic 0.355ns (74.400%)  route 0.122ns (25.600%))
  Logic Levels:           2  (CARRY4=2)
  Clock Path Skew:        0.268ns (DCD - SCD - CPR)
    Destination Clock Delay (DCD):    1.960ns
    Source Clock Delay      (SCD):    1.448ns
    Clock Pessimism Removal (CPR):    0.244ns

    Location             Delay type                Incr(ns)  Path(ns)    Netlist Resource(s)
  -------------------------------------------------------------------    -------------------
                         (clock sys_clk rise edge)    0.000     0.000 r  
    W5                                                0.000     0.000 r  clk (IN)
                         net (fo=0)                   0.000     0.000    clk
    W5                   IBUF (Prop_ibuf_I_O)         0.226     0.226 r  clk_IBUF_inst/O
                         net (fo=1, routed)           0.631     0.858    clk_IBUF
    BUFGCTRL_X0Y1        BUFG (Prop_bufg_I_O)         0.026     0.884 r  clk_IBUF_BUFG_inst/O
                         net (fo=46, routed)          0.565     1.448    ssd/clk
    SLICE_X44Y49         FDCE                                         r  ssd/refresh_counter_reg[6]/C
  -------------------------------------------------------------------    -------------------
    SLICE_X44Y49         FDCE (Prop_fdce_C_Q)         0.141     1.589 r  ssd/refresh_counter_reg[6]/Q
                         net (fo=1, routed)           0.121     1.711    ssd/refresh_counter_reg_n_0_[6]
    SLICE_X44Y49         CARRY4 (Prop_carry4_S[2]_CO[3])
                                                      0.160     1.871 r  ssd/refresh_counter_reg[4]_i_1/CO[3]
                         net (fo=1, routed)           0.001     1.871    ssd/refresh_counter_reg[4]_i_1_n_0
    SLICE_X44Y50         CARRY4 (Prop_carry4_CI_O[0])
                                                      0.054     1.925 r  ssd/refresh_counter_reg[8]_i_1/O[0]
                         net (fo=1, routed)           0.000     1.925    ssd/refresh_counter_reg[8]_i_1_n_7
    SLICE_X44Y50         FDCE                                         r  ssd/refresh_counter_reg[8]/D
  -------------------------------------------------------------------    -------------------

                         (clock sys_clk rise edge)    0.000     0.000 r  
    W5                                                0.000     0.000 r  clk (IN)
                         net (fo=0)                   0.000     0.000    clk
    W5                   IBUF (Prop_ibuf_I_O)         0.414     0.414 r  clk_IBUF_inst/O
                         net (fo=1, routed)           0.685     1.099    clk_IBUF
    BUFGCTRL_X0Y1        BUFG (Prop_bufg_I_O)         0.029     1.128 r  clk_IBUF_BUFG_inst/O
                         net (fo=46, routed)          0.833     1.960    ssd/clk
    SLICE_X44Y50         FDCE                                         r  ssd/refresh_counter_reg[8]/C
                         clock pessimism             -0.244     1.716    
    SLICE_X44Y50         FDCE (Hold_fdce_C_D)         0.105     1.821    ssd/refresh_counter_reg[8]
  -------------------------------------------------------------------
                         required time                         -1.821    
                         arrival time                           1.925    
  -------------------------------------------------------------------
                         slack                                  0.104    

Slack (MET) :             0.115ns  (arrival time - required time)
  Source:                 ssd/refresh_counter_reg[6]/C
                            (rising edge-triggered cell FDCE clocked by sys_clk  {rise@0.000ns fall@5.000ns period=10.000ns})
  Destination:            ssd/refresh_counter_reg[10]/D
                            (rising edge-triggered cell FDCE clocked by sys_clk  {rise@0.000ns fall@5.000ns period=10.000ns})
  Path Group:             sys_clk
  Path Type:              Hold (Min at Fast Process Corner)
  Requirement:            0.000ns  (sys_clk rise@0.000ns - sys_clk rise@0.000ns)
  Data Path Delay:        0.488ns  (logic 0.366ns (74.977%)  route 0.122ns (25.023%))
  Logic Levels:           2  (CARRY4=2)
  Clock Path Skew:        0.268ns (DCD - SCD - CPR)
    Destination Clock Delay (DCD):    1.960ns
    Source Clock Delay      (SCD):    1.448ns
    Clock Pessimism Removal (CPR):    0.244ns

    Location             Delay type                Incr(ns)  Path(ns)    Netlist Resource(s)
  -------------------------------------------------------------------    -------------------
                         (clock sys_clk rise edge)    0.000     0.000 r  
    W5                                                0.000     0.000 r  clk (IN)
                         net (fo=0)                   0.000     0.000    clk
    W5                   IBUF (Prop_ibuf_I_O)         0.226     0.226 r  clk_IBUF_inst/O
                         net (fo=1, routed)           0.631     0.858    clk_IBUF
    BUFGCTRL_X0Y1        BUFG (Prop_bufg_I_O)         0.026     0.884 r  clk_IBUF_BUFG_inst/O
                         net (fo=46, routed)          0.565     1.448    ssd/clk
    SLICE_X44Y49         FDCE                                         r  ssd/refresh_counter_reg[6]/C
  -------------------------------------------------------------------    -------------------
    SLICE_X44Y49         FDCE (Prop_fdce_C_Q)         0.141     1.589 r  ssd/refresh_counter_reg[6]/Q
                         net (fo=1, routed)           0.121     1.711    ssd/refresh_counter_reg_n_0_[6]
    SLICE_X44Y49         CARRY4 (Prop_carry4_S[2]_CO[3])
                                                      0.160     1.871 r  ssd/refresh_counter_reg[4]_i_1/CO[3]
                         net (fo=1, routed)           0.001     1.871    ssd/refresh_counter_reg[4]_i_1_n_0
    SLICE_X44Y50         CARRY4 (Prop_carry4_CI_O[2])
                                                      0.065     1.936 r  ssd/refresh_counter_reg[8]_i_1/O[2]
                         net (fo=1, routed)           0.000     1.936    ssd/refresh_counter_reg[8]_i_1_n_5
    SLICE_X44Y50         FDCE                                         r  ssd/refresh_counter_reg[10]/D
  -------------------------------------------------------------------    -------------------

                         (clock sys_clk rise edge)    0.000     0.000 r  
    W5                                                0.000     0.000 r  clk (IN)
                         net (fo=0)                   0.000     0.000    clk
    W5                   IBUF (Prop_ibuf_I_O)         0.414     0.414 r  clk_IBUF_inst/O
                         net (fo=1, routed)           0.685     1.099    clk_IBUF
    BUFGCTRL_X0Y1        BUFG (Prop_bufg_I_O)         0.029     1.128 r  clk_IBUF_BUFG_inst/O
                         net (fo=46, routed)          0.833     1.960    ssd/clk
    SLICE_X44Y50         FDCE                                         r  ssd/refresh_counter_reg[10]/C
                         clock pessimism             -0.244     1.716    
    SLICE_X44Y50         FDCE (Hold_fdce_C_D)         0.105     1.821    ssd/refresh_counter_reg[10]
  -------------------------------------------------------------------
                         required time                         -1.821    
                         arrival time                           1.936    
  -------------------------------------------------------------------
                         slack                                  0.115    

Slack (MET) :             0.140ns  (arrival time - required time)
  Source:                 ssd/refresh_counter_reg[6]/C
                            (rising edge-triggered cell FDCE clocked by sys_clk  {rise@0.000ns fall@5.000ns period=10.000ns})
  Destination:            ssd/refresh_counter_reg[11]/D
                            (rising edge-triggered cell FDCE clocked by sys_clk  {rise@0.000ns fall@5.000ns period=10.000ns})
  Path Group:             sys_clk
  Path Type:              Hold (Min at Fast Process Corner)
  Requirement:            0.000ns  (sys_clk rise@0.000ns - sys_clk rise@0.000ns)
  Data Path Delay:        0.513ns  (logic 0.391ns (76.196%)  route 0.122ns (23.804%))
  Logic Levels:           2  (CARRY4=2)
  Clock Path Skew:        0.268ns (DCD - SCD - CPR)
    Destination Clock Delay (DCD):    1.960ns
    Source Clock Delay      (SCD):    1.448ns
    Clock Pessimism Removal (CPR):    0.244ns

    Location             Delay type                Incr(ns)  Path(ns)    Netlist Resource(s)
  -------------------------------------------------------------------    -------------------
                         (clock sys_clk rise edge)    0.000     0.000 r  
    W5                                                0.000     0.000 r  clk (IN)
                         net (fo=0)                   0.000     0.000    clk
    W5                   IBUF (Prop_ibuf_I_O)         0.226     0.226 r  clk_IBUF_inst/O
                         net (fo=1, routed)           0.631     0.858    clk_IBUF
    BUFGCTRL_X0Y1        BUFG (Prop_bufg_I_O)         0.026     0.884 r  clk_IBUF_BUFG_inst/O
                         net (fo=46, routed)          0.565     1.448    ssd/clk
    SLICE_X44Y49         FDCE                                         r  ssd/refresh_counter_reg[6]/C
  -------------------------------------------------------------------    -------------------
    SLICE_X44Y49         FDCE (Prop_fdce_C_Q)         0.141     1.589 r  ssd/refresh_counter_reg[6]/Q
                         net (fo=1, routed)           0.121     1.711    ssd/refresh_counter_reg_n_0_[6]
    SLICE_X44Y49         CARRY4 (Prop_carry4_S[2]_CO[3])
                                                      0.160     1.871 r  ssd/refresh_counter_reg[4]_i_1/CO[3]
                         net (fo=1, routed)           0.001     1.871    ssd/refresh_counter_reg[4]_i_1_n_0
    SLICE_X44Y50         CARRY4 (Prop_carry4_CI_O[3])
                                                      0.090     1.961 r  ssd/refresh_counter_reg[8]_i_1/O[3]
                         net (fo=1, routed)           0.000     1.961    ssd/refresh_counter_reg[8]_i_1_n_4
    SLICE_X44Y50         FDCE                                         r  ssd/refresh_counter_reg[11]/D
  -------------------------------------------------------------------    -------------------

                         (clock sys_clk rise edge)    0.000     0.000 r  
    W5                                                0.000     0.000 r  clk (IN)
                         net (fo=0)                   0.000     0.000    clk
    W5                   IBUF (Prop_ibuf_I_O)         0.414     0.414 r  clk_IBUF_inst/O
                         net (fo=1, routed)           0.685     1.099    clk_IBUF
    BUFGCTRL_X0Y1        BUFG (Prop_bufg_I_O)         0.029     1.128 r  clk_IBUF_BUFG_inst/O
                         net (fo=46, routed)          0.833     1.960    ssd/clk
    SLICE_X44Y50         FDCE                                         r  ssd/refresh_counter_reg[11]/C
                         clock pessimism             -0.244     1.716    
    SLICE_X44Y50         FDCE (Hold_fdce_C_D)         0.105     1.821    ssd/refresh_counter_reg[11]
  -------------------------------------------------------------------
                         required time                         -1.821    
                         arrival time                           1.961    
  -------------------------------------------------------------------
                         slack                                  0.140    

Slack (MET) :             0.140ns  (arrival time - required time)
  Source:                 ssd/refresh_counter_reg[6]/C
                            (rising edge-triggered cell FDCE clocked by sys_clk  {rise@0.000ns fall@5.000ns period=10.000ns})
  Destination:            ssd/refresh_counter_reg[9]/D
                            (rising edge-triggered cell FDCE clocked by sys_clk  {rise@0.000ns fall@5.000ns period=10.000ns})
  Path Group:             sys_clk
  Path Type:              Hold (Min at Fast Process Corner)
  Requirement:            0.000ns  (sys_clk rise@0.000ns - sys_clk rise@0.000ns)
  Data Path Delay:        0.513ns  (logic 0.391ns (76.196%)  route 0.122ns (23.804%))
  Logic Levels:           2  (CARRY4=2)
  Clock Path Skew:        0.268ns (DCD - SCD - CPR)
    Destination Clock Delay (DCD):    1.960ns
    Source Clock Delay      (SCD):    1.448ns
    Clock Pessimism Removal (CPR):    0.244ns

    Location             Delay type                Incr(ns)  Path(ns)    Netlist Resource(s)
  -------------------------------------------------------------------    -------------------
                         (clock sys_clk rise edge)    0.000     0.000 r  
    W5                                                0.000     0.000 r  clk (IN)
                         net (fo=0)                   0.000     0.000    clk
    W5                   IBUF (Prop_ibuf_I_O)         0.226     0.226 r  clk_IBUF_inst/O
                         net (fo=1, routed)           0.631     0.858    clk_IBUF
    BUFGCTRL_X0Y1        BUFG (Prop_bufg_I_O)         0.026     0.884 r  clk_IBUF_BUFG_inst/O
                         net (fo=46, routed)          0.565     1.448    ssd/clk
    SLICE_X44Y49         FDCE                                         r  ssd/refresh_counter_reg[6]/C
  -------------------------------------------------------------------    -------------------
    SLICE_X44Y49         FDCE (Prop_fdce_C_Q)         0.141     1.589 r  ssd/refresh_counter_reg[6]/Q
                         net (fo=1, routed)           0.121     1.711    ssd/refresh_counter_reg_n_0_[6]
    SLICE_X44Y49         CARRY4 (Prop_carry4_S[2]_CO[3])
                                                      0.160     1.871 r  ssd/refresh_counter_reg[4]_i_1/CO[3]
                         net (fo=1, routed)           0.001     1.871    ssd/refresh_counter_reg[4]_i_1_n_0
    SLICE_X44Y50         CARRY4 (Prop_carry4_CI_O[1])
                                                      0.090     1.961 r  ssd/refresh_counter_reg[8]_i_1/O[1]
                         net (fo=1, routed)           0.000     1.961    ssd/refresh_counter_reg[8]_i_1_n_6
    SLICE_X44Y50         FDCE                                         r  ssd/refresh_counter_reg[9]/D
  -------------------------------------------------------------------    -------------------

                         (clock sys_clk rise edge)    0.000     0.000 r  
    W5                                                0.000     0.000 r  clk (IN)
                         net (fo=0)                   0.000     0.000    clk
    W5                   IBUF (Prop_ibuf_I_O)         0.414     0.414 r  clk_IBUF_inst/O
                         net (fo=1, routed)           0.685     1.099    clk_IBUF
    BUFGCTRL_X0Y1        BUFG (Prop_bufg_I_O)         0.029     1.128 r  clk_IBUF_BUFG_inst/O
                         net (fo=46, routed)          0.833     1.960    ssd/clk
    SLICE_X44Y50         FDCE                                         r  ssd/refresh_counter_reg[9]/C
                         clock pessimism             -0.244     1.716    
    SLICE_X44Y50         FDCE (Hold_fdce_C_D)         0.105     1.821    ssd/refresh_counter_reg[9]
  -------------------------------------------------------------------
                         required time                         -1.821    
                         arrival time                           1.961    
  -------------------------------------------------------------------
                         slack                                  0.140    

Slack (MET) :             0.143ns  (arrival time - required time)
  Source:                 ssd/refresh_counter_reg[6]/C
                            (rising edge-triggered cell FDCE clocked by sys_clk  {rise@0.000ns fall@5.000ns period=10.000ns})
  Destination:            ssd/refresh_counter_reg[12]/D
                            (rising edge-triggered cell FDCE clocked by sys_clk  {rise@0.000ns fall@5.000ns period=10.000ns})
  Path Group:             sys_clk
  Path Type:              Hold (Min at Fast Process Corner)
  Requirement:            0.000ns  (sys_clk rise@0.000ns - sys_clk rise@0.000ns)
  Data Path Delay:        0.516ns  (logic 0.394ns (76.334%)  route 0.122ns (23.666%))
  Logic Levels:           3  (CARRY4=3)
  Clock Path Skew:        0.268ns (DCD - SCD - CPR)
    Destination Clock Delay (DCD):    1.960ns
    Source Clock Delay      (SCD):    1.448ns
    Clock Pessimism Removal (CPR):    0.244ns

    Location             Delay type                Incr(ns)  Path(ns)    Netlist Resource(s)
  -------------------------------------------------------------------    -------------------
                         (clock sys_clk rise edge)    0.000     0.000 r  
    W5                                                0.000     0.000 r  clk (IN)
                         net (fo=0)                   0.000     0.000    clk
    W5                   IBUF (Prop_ibuf_I_O)         0.226     0.226 r  clk_IBUF_inst/O
                         net (fo=1, routed)           0.631     0.858    clk_IBUF
    BUFGCTRL_X0Y1        BUFG (Prop_bufg_I_O)         0.026     0.884 r  clk_IBUF_BUFG_inst/O
                         net (fo=46, routed)          0.565     1.448    ssd/clk
    SLICE_X44Y49         FDCE                                         r  ssd/refresh_counter_reg[6]/C
  -------------------------------------------------------------------    -------------------
    SLICE_X44Y49         FDCE (Prop_fdce_C_Q)         0.141     1.589 r  ssd/refresh_counter_reg[6]/Q
                         net (fo=1, routed)           0.121     1.711    ssd/refresh_counter_reg_n_0_[6]
    SLICE_X44Y49         CARRY4 (Prop_carry4_S[2]_CO[3])
                                                      0.160     1.871 r  ssd/refresh_counter_reg[4]_i_1/CO[3]
                         net (fo=1, routed)           0.001     1.871    ssd/refresh_counter_reg[4]_i_1_n_0
    SLICE_X44Y50         CARRY4 (Prop_carry4_CI_CO[3])
                                                      0.039     1.910 r  ssd/refresh_counter_reg[8]_i_1/CO[3]
                         net (fo=1, routed)           0.000     1.910    ssd/refresh_counter_reg[8]_i_1_n_0
    SLICE_X44Y51         CARRY4 (Prop_carry4_CI_O[0])
                                                      0.054     1.964 r  ssd/refresh_counter_reg[12]_i_1/O[0]
                         net (fo=1, routed)           0.000     1.964    ssd/refresh_counter_reg[12]_i_1_n_7
    SLICE_X44Y51         FDCE                                         r  ssd/refresh_counter_reg[12]/D
  -------------------------------------------------------------------    -------------------

                         (clock sys_clk rise edge)    0.000     0.000 r  
    W5                                                0.000     0.000 r  clk (IN)
                         net (fo=0)                   0.000     0.000    clk
    W5                   IBUF (Prop_ibuf_I_O)         0.414     0.414 r  clk_IBUF_inst/O
                         net (fo=1, routed)           0.685     1.099    clk_IBUF
    BUFGCTRL_X0Y1        BUFG (Prop_bufg_I_O)         0.029     1.128 r  clk_IBUF_BUFG_inst/O
                         net (fo=46, routed)          0.833     1.960    ssd/clk
    SLICE_X44Y51         FDCE                                         r  ssd/refresh_counter_reg[12]/C
                         clock pessimism             -0.244     1.716    
    SLICE_X44Y51         FDCE (Hold_fdce_C_D)         0.105     1.821    ssd/refresh_counter_reg[12]
  -------------------------------------------------------------------
                         required time                         -1.821    
                         arrival time                           1.964    
  -------------------------------------------------------------------
                         slack                                  0.143    

Slack (MET) :             0.154ns  (arrival time - required time)
  Source:                 ssd/refresh_counter_reg[6]/C
                            (rising edge-triggered cell FDCE clocked by sys_clk  {rise@0.000ns fall@5.000ns period=10.000ns})
  Destination:            ssd/refresh_counter_reg[14]/D
                            (rising edge-triggered cell FDCE clocked by sys_clk  {rise@0.000ns fall@5.000ns period=10.000ns})
  Path Group:             sys_clk
  Path Type:              Hold (Min at Fast Process Corner)
  Requirement:            0.000ns  (sys_clk rise@0.000ns - sys_clk rise@0.000ns)
  Data Path Delay:        0.527ns  (logic 0.405ns (76.828%)  route 0.122ns (23.172%))
  Logic Levels:           3  (CARRY4=3)
  Clock Path Skew:        0.268ns (DCD - SCD - CPR)
    Destination Clock Delay (DCD):    1.960ns
    Source Clock Delay      (SCD):    1.448ns
    Clock Pessimism Removal (CPR):    0.244ns

    Location             Delay type                Incr(ns)  Path(ns)    Netlist Resource(s)
  -------------------------------------------------------------------    -------------------
                         (clock sys_clk rise edge)    0.000     0.000 r  
    W5                                                0.000     0.000 r  clk (IN)
                         net (fo=0)                   0.000     0.000    clk
    W5                   IBUF (Prop_ibuf_I_O)         0.226     0.226 r  clk_IBUF_inst/O
                         net (fo=1, routed)           0.631     0.858    clk_IBUF
    BUFGCTRL_X0Y1        BUFG (Prop_bufg_I_O)         0.026     0.884 r  clk_IBUF_BUFG_inst/O
                         net (fo=46, routed)          0.565     1.448    ssd/clk
    SLICE_X44Y49         FDCE                                         r  ssd/refresh_counter_reg[6]/C
  -------------------------------------------------------------------    -------------------
    SLICE_X44Y49         FDCE (Prop_fdce_C_Q)         0.141     1.589 r  ssd/refresh_counter_reg[6]/Q
                         net (fo=1, routed)           0.121     1.711    ssd/refresh_counter_reg_n_0_[6]
    SLICE_X44Y49         CARRY4 (Prop_carry4_S[2]_CO[3])
                                                      0.160     1.871 r  ssd/refresh_counter_reg[4]_i_1/CO[3]
                         net (fo=1, routed)           0.001     1.871    ssd/refresh_counter_reg[4]_i_1_n_0
    SLICE_X44Y50         CARRY4 (Prop_carry4_CI_CO[3])
                                                      0.039     1.910 r  ssd/refresh_counter_reg[8]_i_1/CO[3]
                         net (fo=1, routed)           0.000     1.910    ssd/refresh_counter_reg[8]_i_1_n_0
    SLICE_X44Y51         CARRY4 (Prop_carry4_CI_O[2])
                                                      0.065     1.975 r  ssd/refresh_counter_reg[12]_i_1/O[2]
                         net (fo=1, routed)           0.000     1.975    ssd/refresh_counter_reg[12]_i_1_n_5
    SLICE_X44Y51         FDCE                                         r  ssd/refresh_counter_reg[14]/D
  -------------------------------------------------------------------    -------------------

                         (clock sys_clk rise edge)    0.000     0.000 r  
    W5                                                0.000     0.000 r  clk (IN)
                         net (fo=0)                   0.000     0.000    clk
    W5                   IBUF (Prop_ibuf_I_O)         0.414     0.414 r  clk_IBUF_inst/O
                         net (fo=1, routed)           0.685     1.099    clk_IBUF
    BUFGCTRL_X0Y1        BUFG (Prop_bufg_I_O)         0.029     1.128 r  clk_IBUF_BUFG_inst/O
                         net (fo=46, routed)          0.833     1.960    ssd/clk
    SLICE_X44Y51         FDCE                                         r  ssd/refresh_counter_reg[14]/C
                         clock pessimism             -0.244     1.716    
    SLICE_X44Y51         FDCE (Hold_fdce_C_D)         0.105     1.821    ssd/refresh_counter_reg[14]
  -------------------------------------------------------------------
                         required time                         -1.821    
                         arrival time                           1.975    
  -------------------------------------------------------------------
                         slack                                  0.154    

Slack (MET) :             0.179ns  (arrival time - required time)
  Source:                 ssd/refresh_counter_reg[6]/C
                            (rising edge-triggered cell FDCE clocked by sys_clk  {rise@0.000ns fall@5.000ns period=10.000ns})
  Destination:            ssd/refresh_counter_reg[13]/D
                            (rising edge-triggered cell FDCE clocked by sys_clk  {rise@0.000ns fall@5.000ns period=10.000ns})
  Path Group:             sys_clk
  Path Type:              Hold (Min at Fast Process Corner)
  Requirement:            0.000ns  (sys_clk rise@0.000ns - sys_clk rise@0.000ns)
  Data Path Delay:        0.552ns  (logic 0.430ns (77.877%)  route 0.122ns (22.123%))
  Logic Levels:           3  (CARRY4=3)
  Clock Path Skew:        0.268ns (DCD - SCD - CPR)
    Destination Clock Delay (DCD):    1.960ns
    Source Clock Delay      (SCD):    1.448ns
    Clock Pessimism Removal (CPR):    0.244ns

    Location             Delay type                Incr(ns)  Path(ns)    Netlist Resource(s)
  -------------------------------------------------------------------    -------------------
                         (clock sys_clk rise edge)    0.000     0.000 r  
    W5                                                0.000     0.000 r  clk (IN)
                         net (fo=0)                   0.000     0.000    clk
    W5                   IBUF (Prop_ibuf_I_O)         0.226     0.226 r  clk_IBUF_inst/O
                         net (fo=1, routed)           0.631     0.858    clk_IBUF
    BUFGCTRL_X0Y1        BUFG (Prop_bufg_I_O)         0.026     0.884 r  clk_IBUF_BUFG_inst/O
                         net (fo=46, routed)          0.565     1.448    ssd/clk
    SLICE_X44Y49         FDCE                                         r  ssd/refresh_counter_reg[6]/C
  -------------------------------------------------------------------    -------------------
    SLICE_X44Y49         FDCE (Prop_fdce_C_Q)         0.141     1.589 r  ssd/refresh_counter_reg[6]/Q
                         net (fo=1, routed)           0.121     1.711    ssd/refresh_counter_reg_n_0_[6]
    SLICE_X44Y49         CARRY4 (Prop_carry4_S[2]_CO[3])
                                                      0.160     1.871 r  ssd/refresh_counter_reg[4]_i_1/CO[3]
                         net (fo=1, routed)           0.001     1.871    ssd/refresh_counter_reg[4]_i_1_n_0
    SLICE_X44Y50         CARRY4 (Prop_carry4_CI_CO[3])
                                                      0.039     1.910 r  ssd/refresh_counter_reg[8]_i_1/CO[3]
                         net (fo=1, routed)           0.000     1.910    ssd/refresh_counter_reg[8]_i_1_n_0
    SLICE_X44Y51         CARRY4 (Prop_carry4_CI_O[1])
                                                      0.090     2.000 r  ssd/refresh_counter_reg[12]_i_1/O[1]
                         net (fo=1, routed)           0.000     2.000    ssd/refresh_counter_reg[12]_i_1_n_6
    SLICE_X44Y51         FDCE                                         r  ssd/refresh_counter_reg[13]/D
  -------------------------------------------------------------------    -------------------

                         (clock sys_clk rise edge)    0.000     0.000 r  
    W5                                                0.000     0.000 r  clk (IN)
                         net (fo=0)                   0.000     0.000    clk
    W5                   IBUF (Prop_ibuf_I_O)         0.414     0.414 r  clk_IBUF_inst/O
                         net (fo=1, routed)           0.685     1.099    clk_IBUF
    BUFGCTRL_X0Y1        BUFG (Prop_bufg_I_O)         0.029     1.128 r  clk_IBUF_BUFG_inst/O
                         net (fo=46, routed)          0.833     1.960    ssd/clk
    SLICE_X44Y51         FDCE                                         r  ssd/refresh_counter_reg[13]/C
                         clock pessimism             -0.244     1.716    
    SLICE_X44Y51         FDCE (Hold_fdce_C_D)         0.105     1.821    ssd/refresh_counter_reg[13]
  -------------------------------------------------------------------
                         required time                         -1.821    
                         arrival time                           2.000    
  -------------------------------------------------------------------
                         slack                                  0.179    

Slack (MET) :             0.179ns  (arrival time - required time)
  Source:                 ssd/refresh_counter_reg[6]/C
                            (rising edge-triggered cell FDCE clocked by sys_clk  {rise@0.000ns fall@5.000ns period=10.000ns})
  Destination:            ssd/refresh_counter_reg[15]/D
                            (rising edge-triggered cell FDCE clocked by sys_clk  {rise@0.000ns fall@5.000ns period=10.000ns})
  Path Group:             sys_clk
  Path Type:              Hold (Min at Fast Process Corner)
  Requirement:            0.000ns  (sys_clk rise@0.000ns - sys_clk rise@0.000ns)
  Data Path Delay:        0.552ns  (logic 0.430ns (77.877%)  route 0.122ns (22.123%))
  Logic Levels:           3  (CARRY4=3)
  Clock Path Skew:        0.268ns (DCD - SCD - CPR)
    Destination Clock Delay (DCD):    1.960ns
    Source Clock Delay      (SCD):    1.448ns
    Clock Pessimism Removal (CPR):    0.244ns

    Location             Delay type                Incr(ns)  Path(ns)    Netlist Resource(s)
  -------------------------------------------------------------------    -------------------
                         (clock sys_clk rise edge)    0.000     0.000 r  
    W5                                                0.000     0.000 r  clk (IN)
                         net (fo=0)                   0.000     0.000    clk
    W5                   IBUF (Prop_ibuf_I_O)         0.226     0.226 r  clk_IBUF_inst/O
                         net (fo=1, routed)           0.631     0.858    clk_IBUF
    BUFGCTRL_X0Y1        BUFG (Prop_bufg_I_O)         0.026     0.884 r  clk_IBUF_BUFG_inst/O
                         net (fo=46, routed)          0.565     1.448    ssd/clk
    SLICE_X44Y49         FDCE                                         r  ssd/refresh_counter_reg[6]/C
  -------------------------------------------------------------------    -------------------
    SLICE_X44Y49         FDCE (Prop_fdce_C_Q)         0.141     1.589 r  ssd/refresh_counter_reg[6]/Q
                         net (fo=1, routed)           0.121     1.711    ssd/refresh_counter_reg_n_0_[6]
    SLICE_X44Y49         CARRY4 (Prop_carry4_S[2]_CO[3])
                                                      0.160     1.871 r  ssd/refresh_counter_reg[4]_i_1/CO[3]
                         net (fo=1, routed)           0.001     1.871    ssd/refresh_counter_reg[4]_i_1_n_0
    SLICE_X44Y50         CARRY4 (Prop_carry4_CI_CO[3])
                                                      0.039     1.910 r  ssd/refresh_counter_reg[8]_i_1/CO[3]
                         net (fo=1, routed)           0.000     1.910    ssd/refresh_counter_reg[8]_i_1_n_0
    SLICE_X44Y51         CARRY4 (Prop_carry4_CI_O[3])
                                                      0.090     2.000 r  ssd/refresh_counter_reg[12]_i_1/O[3]
                         net (fo=1, routed)           0.000     2.000    ssd/refresh_counter_reg[12]_i_1_n_4
    SLICE_X44Y51         FDCE                                         r  ssd/refresh_counter_reg[15]/D
  -------------------------------------------------------------------    -------------------

                         (clock sys_clk rise edge)    0.000     0.000 r  
    W5                                                0.000     0.000 r  clk (IN)
                         net (fo=0)                   0.000     0.000    clk
    W5                   IBUF (Prop_ibuf_I_O)         0.414     0.414 r  clk_IBUF_inst/O
                         net (fo=1, routed)           0.685     1.099    clk_IBUF
    BUFGCTRL_X0Y1        BUFG (Prop_bufg_I_O)         0.029     1.128 r  clk_IBUF_BUFG_inst/O
                         net (fo=46, routed)          0.833     1.960    ssd/clk
    SLICE_X44Y51         FDCE                                         r  ssd/refresh_counter_reg[15]/C
                         clock pessimism             -0.244     1.716    
    SLICE_X44Y51         FDCE (Hold_fdce_C_D)         0.105     1.821    ssd/refresh_counter_reg[15]
  -------------------------------------------------------------------
                         required time                         -1.821    
                         arrival time                           2.000    
  -------------------------------------------------------------------
                         slack                                  0.179    

Slack (MET) :             0.182ns  (arrival time - required time)
  Source:                 ssd/refresh_counter_reg[6]/C
                            (rising edge-triggered cell FDCE clocked by sys_clk  {rise@0.000ns fall@5.000ns period=10.000ns})
  Destination:            ssd/refresh_counter_reg[16]/D
                            (rising edge-triggered cell FDCE clocked by sys_clk  {rise@0.000ns fall@5.000ns period=10.000ns})
  Path Group:             sys_clk
  Path Type:              Hold (Min at Fast Process Corner)
  Requirement:            0.000ns  (sys_clk rise@0.000ns - sys_clk rise@0.000ns)
  Data Path Delay:        0.555ns  (logic 0.433ns (77.997%)  route 0.122ns (22.003%))
  Logic Levels:           4  (CARRY4=4)
  Clock Path Skew:        0.268ns (DCD - SCD - CPR)
    Destination Clock Delay (DCD):    1.960ns
    Source Clock Delay      (SCD):    1.448ns
    Clock Pessimism Removal (CPR):    0.244ns

    Location             Delay type                Incr(ns)  Path(ns)    Netlist Resource(s)
  -------------------------------------------------------------------    -------------------
                         (clock sys_clk rise edge)    0.000     0.000 r  
    W5                                                0.000     0.000 r  clk (IN)
                         net (fo=0)                   0.000     0.000    clk
    W5                   IBUF (Prop_ibuf_I_O)         0.226     0.226 r  clk_IBUF_inst/O
                         net (fo=1, routed)           0.631     0.858    clk_IBUF
    BUFGCTRL_X0Y1        BUFG (Prop_bufg_I_O)         0.026     0.884 r  clk_IBUF_BUFG_inst/O
                         net (fo=46, routed)          0.565     1.448    ssd/clk
    SLICE_X44Y49         FDCE                                         r  ssd/refresh_counter_reg[6]/C
  -------------------------------------------------------------------    -------------------
    SLICE_X44Y49         FDCE (Prop_fdce_C_Q)         0.141     1.589 r  ssd/refresh_counter_reg[6]/Q
                         net (fo=1, routed)           0.121     1.711    ssd/refresh_counter_reg_n_0_[6]
    SLICE_X44Y49         CARRY4 (Prop_carry4_S[2]_CO[3])
                                                      0.160     1.871 r  ssd/refresh_counter_reg[4]_i_1/CO[3]
                         net (fo=1, routed)           0.001     1.871    ssd/refresh_counter_reg[4]_i_1_n_0
    SLICE_X44Y50         CARRY4 (Prop_carry4_CI_CO[3])
                                                      0.039     1.910 r  ssd/refresh_counter_reg[8]_i_1/CO[3]
                         net (fo=1, routed)           0.000     1.910    ssd/refresh_counter_reg[8]_i_1_n_0
    SLICE_X44Y51         CARRY4 (Prop_carry4_CI_CO[3])
                                                      0.039     1.949 r  ssd/refresh_counter_reg[12]_i_1/CO[3]
                         net (fo=1, routed)           0.000     1.949    ssd/refresh_counter_reg[12]_i_1_n_0
    SLICE_X44Y52         CARRY4 (Prop_carry4_CI_O[0])
                                                      0.054     2.003 r  ssd/refresh_counter_reg[16]_i_1/O[0]
                         net (fo=1, routed)           0.000     2.003    ssd/refresh_counter_reg[16]_i_1_n_7
    SLICE_X44Y52         FDCE                                         r  ssd/refresh_counter_reg[16]/D
  -------------------------------------------------------------------    -------------------

                         (clock sys_clk rise edge)    0.000     0.000 r  
    W5                                                0.000     0.000 r  clk (IN)
                         net (fo=0)                   0.000     0.000    clk
    W5                   IBUF (Prop_ibuf_I_O)         0.414     0.414 r  clk_IBUF_inst/O
                         net (fo=1, routed)           0.685     1.099    clk_IBUF
    BUFGCTRL_X0Y1        BUFG (Prop_bufg_I_O)         0.029     1.128 r  clk_IBUF_BUFG_inst/O
                         net (fo=46, routed)          0.833     1.960    ssd/clk
    SLICE_X44Y52         FDCE                                         r  ssd/refresh_counter_reg[16]/C
                         clock pessimism             -0.244     1.716    
    SLICE_X44Y52         FDCE (Hold_fdce_C_D)         0.105     1.821    ssd/refresh_counter_reg[16]
  -------------------------------------------------------------------
                         required time                         -1.821    
                         arrival time                           2.003    
  -------------------------------------------------------------------
                         slack                                  0.182    

Slack (MET) :             0.218ns  (arrival time - required time)
  Source:                 ssd/refresh_counter_reg[6]/C
                            (rising edge-triggered cell FDCE clocked by sys_clk  {rise@0.000ns fall@5.000ns period=10.000ns})
  Destination:            ssd/refresh_counter_reg[17]/D
                            (rising edge-triggered cell FDCE clocked by sys_clk  {rise@0.000ns fall@5.000ns period=10.000ns})
  Path Group:             sys_clk
  Path Type:              Hold (Min at Fast Process Corner)
  Requirement:            0.000ns  (sys_clk rise@0.000ns - sys_clk rise@0.000ns)
  Data Path Delay:        0.591ns  (logic 0.469ns (79.337%)  route 0.122ns (20.663%))
  Logic Levels:           4  (CARRY4=4)
  Clock Path Skew:        0.268ns (DCD - SCD - CPR)
    Destination Clock Delay (DCD):    1.960ns
    Source Clock Delay      (SCD):    1.448ns
    Clock Pessimism Removal (CPR):    0.244ns

    Location             Delay type                Incr(ns)  Path(ns)    Netlist Resource(s)
  -------------------------------------------------------------------    -------------------
                         (clock sys_clk rise edge)    0.000     0.000 r  
    W5                                                0.000     0.000 r  clk (IN)
                         net (fo=0)                   0.000     0.000    clk
    W5                   IBUF (Prop_ibuf_I_O)         0.226     0.226 r  clk_IBUF_inst/O
                         net (fo=1, routed)           0.631     0.858    clk_IBUF
    BUFGCTRL_X0Y1        BUFG (Prop_bufg_I_O)         0.026     0.884 r  clk_IBUF_BUFG_inst/O
                         net (fo=46, routed)          0.565     1.448    ssd/clk
    SLICE_X44Y49         FDCE                                         r  ssd/refresh_counter_reg[6]/C
  -------------------------------------------------------------------    -------------------
    SLICE_X44Y49         FDCE (Prop_fdce_C_Q)         0.141     1.589 r  ssd/refresh_counter_reg[6]/Q
                         net (fo=1, routed)           0.121     1.711    ssd/refresh_counter_reg_n_0_[6]
    SLICE_X44Y49         CARRY4 (Prop_carry4_S[2]_CO[3])
                                                      0.160     1.871 r  ssd/refresh_counter_reg[4]_i_1/CO[3]
                         net (fo=1, routed)           0.001     1.871    ssd/refresh_counter_reg[4]_i_1_n_0
    SLICE_X44Y50         CARRY4 (Prop_carry4_CI_CO[3])
                                                      0.039     1.910 r  ssd/refresh_counter_reg[8]_i_1/CO[3]
                         net (fo=1, routed)           0.000     1.910    ssd/refresh_counter_reg[8]_i_1_n_0
    SLICE_X44Y51         CARRY4 (Prop_carry4_CI_CO[3])
                                                      0.039     1.949 r  ssd/refresh_counter_reg[12]_i_1/CO[3]
                         net (fo=1, routed)           0.000     1.949    ssd/refresh_counter_reg[12]_i_1_n_0
    SLICE_X44Y52         CARRY4 (Prop_carry4_CI_O[1])
                                                      0.090     2.039 r  ssd/refresh_counter_reg[16]_i_1/O[1]
                         net (fo=1, routed)           0.000     2.039    ssd/refresh_counter_reg[16]_i_1_n_6
    SLICE_X44Y52         FDCE                                         r  ssd/refresh_counter_reg[17]/D
  -------------------------------------------------------------------    -------------------

                         (clock sys_clk rise edge)    0.000     0.000 r  
    W5                                                0.000     0.000 r  clk (IN)
                         net (fo=0)                   0.000     0.000    clk
    W5                   IBUF (Prop_ibuf_I_O)         0.414     0.414 r  clk_IBUF_inst/O
                         net (fo=1, routed)           0.685     1.099    clk_IBUF
    BUFGCTRL_X0Y1        BUFG (Prop_bufg_I_O)         0.029     1.128 r  clk_IBUF_BUFG_inst/O
                         net (fo=46, routed)          0.833     1.960    ssd/clk
    SLICE_X44Y52         FDCE                                         r  ssd/refresh_counter_reg[17]/C
                         clock pessimism             -0.244     1.716    
    SLICE_X44Y52         FDCE (Hold_fdce_C_D)         0.105     1.821    ssd/refresh_counter_reg[17]
  -------------------------------------------------------------------
                         required time                         -1.821    
                         arrival time                           2.039    
  -------------------------------------------------------------------
                         slack                                  0.218    





Pulse Width Checks
--------------------------------------------------------------------------------------
Clock Name:         sys_clk
Waveform(ns):       { 0.000 5.000 }
Period(ns):         10.000
Sources:            { clk }

Check Type        Corner  Lib Pin  Reference Pin  Required(ns)  Actual(ns)  Slack(ns)  Location       Pin
Min Period        n/a     BUFG/I   n/a            2.155         10.000      7.845      BUFGCTRL_X0Y1  clk_IBUF_BUFG_inst/I
Min Period        n/a     FDCE/C   n/a            1.000         10.000      9.000      SLICE_X34Y46   clk_div/clk_out_reg/C
Min Period        n/a     FDCE/C   n/a            1.000         10.000      9.000      SLICE_X34Y44   clk_div/counter_reg[0]/C
Min Period        n/a     FDCE/C   n/a            1.000         10.000      9.000      SLICE_X33Y43   clk_div/counter_reg[10]/C
Min Period        n/a     FDCE/C   n/a            1.000         10.000      9.000      SLICE_X33Y43   clk_div/counter_reg[11]/C
Min Period        n/a     FDCE/C   n/a            1.000         10.000      9.000      SLICE_X34Y43   clk_div/counter_reg[12]/C
Min Period        n/a     FDCE/C   n/a            1.000         10.000      9.000      SLICE_X34Y44   clk_div/counter_reg[13]/C
Min Period        n/a     FDCE/C   n/a            1.000         10.000      9.000      SLICE_X33Y44   clk_div/counter_reg[14]/C
Min Period        n/a     FDCE/C   n/a            1.000         10.000      9.000      SLICE_X33Y44   clk_div/counter_reg[15]/C
Min Period        n/a     FDCE/C   n/a            1.000         10.000      9.000      SLICE_X33Y45   clk_div/counter_reg[16]/C
Low Pulse Width   Slow    FDCE/C   n/a            0.500         5.000       4.500      SLICE_X33Y43   clk_div/counter_reg[10]/C
Low Pulse Width   Slow    FDCE/C   n/a            0.500         5.000       4.500      SLICE_X33Y43   clk_div/counter_reg[11]/C
Low Pulse Width   Slow    FDCE/C   n/a            0.500         5.000       4.500      SLICE_X33Y44   clk_div/counter_reg[14]/C
Low Pulse Width   Slow    FDCE/C   n/a            0.500         5.000       4.500      SLICE_X33Y44   clk_div/counter_reg[15]/C
Low Pulse Width   Slow    FDCE/C   n/a            0.500         5.000       4.500      SLICE_X33Y45   clk_div/counter_reg[16]/C
Low Pulse Width   Slow    FDCE/C   n/a            0.500         5.000       4.500      SLICE_X33Y45   clk_div/counter_reg[19]/C
Low Pulse Width   Slow    FDCE/C   n/a            0.500         5.000       4.500      SLICE_X33Y45   clk_div/counter_reg[20]/C
Low Pulse Width   Slow    FDCE/C   n/a            0.500         5.000       4.500      SLICE_X33Y46   clk_div/counter_reg[21]/C
Low Pulse Width   Slow    FDCE/C   n/a            0.500         5.000       4.500      SLICE_X33Y46   clk_div/counter_reg[22]/C
Low Pulse Width   Slow    FDCE/C   n/a            0.500         5.000       4.500      SLICE_X33Y46   clk_div/counter_reg[23]/C
High Pulse Width  Slow    FDCE/C   n/a            0.500         5.000       4.500      SLICE_X44Y48   ssd/refresh_counter_reg[0]/C
High Pulse Width  Slow    FDCE/C   n/a            0.500         5.000       4.500      SLICE_X44Y48   ssd/refresh_counter_reg[1]/C
High Pulse Width  Slow    FDCE/C   n/a            0.500         5.000       4.500      SLICE_X44Y48   ssd/refresh_counter_reg[2]/C
High Pulse Width  Slow    FDCE/C   n/a            0.500         5.000       4.500      SLICE_X44Y48   ssd/refresh_counter_reg[3]/C
High Pulse Width  Slow    FDCE/C   n/a            0.500         5.000       4.500      SLICE_X44Y49   ssd/refresh_counter_reg[4]/C
High Pulse Width  Slow    FDCE/C   n/a            0.500         5.000       4.500      SLICE_X44Y49   ssd/refresh_counter_reg[5]/C
High Pulse Width  Slow    FDCE/C   n/a            0.500         5.000       4.500      SLICE_X44Y49   ssd/refresh_counter_reg[6]/C
High Pulse Width  Slow    FDCE/C   n/a            0.500         5.000       4.500      SLICE_X44Y49   ssd/refresh_counter_reg[7]/C
High Pulse Width  Fast    FDCE/C   n/a            0.500         5.000       4.500      SLICE_X34Y46   clk_div/clk_out_reg/C
High Pulse Width  Fast    FDCE/C   n/a            0.500         5.000       4.500      SLICE_X34Y44   clk_div/counter_reg[0]/C



---------------------------------------------------------------------------------------------------
Path Group:  **async_default**
From Clock:  sys_clk
  To Clock:  sys_clk

Setup :            0  Failing Endpoints,  Worst Slack        3.981ns,  Total Violation        0.000ns
Hold  :            0  Failing Endpoints,  Worst Slack        0.115ns,  Total Violation        0.000ns
---------------------------------------------------------------------------------------------------


Max Delay Paths
--------------------------------------------------------------------------------------
Slack (MET) :             3.981ns  (required time - arrival time)
  Source:                 rst_sync2_reg/C
                            (rising edge-triggered cell FDRE clocked by sys_clk  {rise@0.000ns fall@5.000ns period=10.000ns})
  Destination:            ssd/refresh_counter_reg[0]/CLR
                            (recovery check against rising-edge clock sys_clk  {rise@0.000ns fall@5.000ns period=10.000ns})
  Path Group:             **async_default**
  Path Type:              Recovery (Max at Slow Process Corner)
  Requirement:            10.000ns  (sys_clk rise@10.000ns - sys_clk rise@0.000ns)
  Data Path Delay:        5.542ns  (logic 0.456ns (8.227%)  route 5.086ns (91.773%))
  Logic Levels:           0  
  Clock Path Skew:        -0.036ns (DCD - SCD + CPR)
    Destination Clock Delay (DCD):    4.790ns = ( 14.790 - 10.000 ) 
    Source Clock Delay      (SCD):    5.086ns
    Clock Pessimism Removal (CPR):    0.260ns
  Clock Uncertainty:      0.035ns  ((TSJ^2 + TIJ^2)^1/2 + DJ) / 2 + PE
    Total System Jitter     (TSJ):    0.071ns
    Total Input Jitter      (TIJ):    0.000ns
    Discrete Jitter          (DJ):    0.000ns
    Phase Error              (PE):    0.000ns

    Location             Delay type                Incr(ns)  Path(ns)    Netlist Resource(s)
  -------------------------------------------------------------------    -------------------
                         (clock sys_clk rise edge)    0.000     0.000 r  
    W5                                                0.000     0.000 r  clk (IN)
                         net (fo=0)                   0.000     0.000    clk
    W5                   IBUF (Prop_ibuf_I_O)         1.458     1.458 r  clk_IBUF_inst/O
                         net (fo=1, routed)           1.967     3.425    clk_IBUF
    BUFGCTRL_X0Y1        BUFG (Prop_bufg_I_O)         0.096     3.521 r  clk_IBUF_BUFG_inst/O
                         net (fo=46, routed)          1.565     5.086    clk_IBUF_BUFG
    SLICE_X37Y43         FDRE                                         r  rst_sync2_reg/C
  -------------------------------------------------------------------    -------------------
    SLICE_X37Y43         FDRE (Prop_fdre_C_Q)         0.456     5.542 f  rst_sync2_reg/Q
                         net (fo=1107, routed)        5.086    10.629    ssd/rst_sync2
    SLICE_X44Y48         FDCE                                         f  ssd/refresh_counter_reg[0]/CLR
  -------------------------------------------------------------------    -------------------

                         (clock sys_clk rise edge)   10.000    10.000 r  
    W5                                                0.000    10.000 r  clk (IN)
                         net (fo=0)                   0.000    10.000    clk
    W5                   IBUF (Prop_ibuf_I_O)         1.388    11.388 r  clk_IBUF_inst/O
                         net (fo=1, routed)           1.862    13.250    clk_IBUF
    BUFGCTRL_X0Y1        BUFG (Prop_bufg_I_O)         0.091    13.341 r  clk_IBUF_BUFG_inst/O
                         net (fo=46, routed)          1.449    14.790    ssd/clk
    SLICE_X44Y48         FDCE                                         r  ssd/refresh_counter_reg[0]/C
                         clock pessimism              0.260    15.050    
                         clock uncertainty           -0.035    15.015    
    SLICE_X44Y48         FDCE (Recov_fdce_C_CLR)     -0.405    14.610    ssd/refresh_counter_reg[0]
  -------------------------------------------------------------------
                         required time                         14.610    
                         arrival time                         -10.629    
  -------------------------------------------------------------------
                         slack                                  3.981    

Slack (MET) :             3.981ns  (required time - arrival time)
  Source:                 rst_sync2_reg/C
                            (rising edge-triggered cell FDRE clocked by sys_clk  {rise@0.000ns fall@5.000ns period=10.000ns})
  Destination:            ssd/refresh_counter_reg[1]/CLR
                            (recovery check against rising-edge clock sys_clk  {rise@0.000ns fall@5.000ns period=10.000ns})
  Path Group:             **async_default**
  Path Type:              Recovery (Max at Slow Process Corner)
  Requirement:            10.000ns  (sys_clk rise@10.000ns - sys_clk rise@0.000ns)
  Data Path Delay:        5.542ns  (logic 0.456ns (8.227%)  route 5.086ns (91.773%))
  Logic Levels:           0  
  Clock Path Skew:        -0.036ns (DCD - SCD + CPR)
    Destination Clock Delay (DCD):    4.790ns = ( 14.790 - 10.000 ) 
    Source Clock Delay      (SCD):    5.086ns
    Clock Pessimism Removal (CPR):    0.260ns
  Clock Uncertainty:      0.035ns  ((TSJ^2 + TIJ^2)^1/2 + DJ) / 2 + PE
    Total System Jitter     (TSJ):    0.071ns
    Total Input Jitter      (TIJ):    0.000ns
    Discrete Jitter          (DJ):    0.000ns
    Phase Error              (PE):    0.000ns

    Location             Delay type                Incr(ns)  Path(ns)    Netlist Resource(s)
  -------------------------------------------------------------------    -------------------
                         (clock sys_clk rise edge)    0.000     0.000 r  
    W5                                                0.000     0.000 r  clk (IN)
                         net (fo=0)                   0.000     0.000    clk
    W5                   IBUF (Prop_ibuf_I_O)         1.458     1.458 r  clk_IBUF_inst/O
                         net (fo=1, routed)           1.967     3.425    clk_IBUF
    BUFGCTRL_X0Y1        BUFG (Prop_bufg_I_O)         0.096     3.521 r  clk_IBUF_BUFG_inst/O
                         net (fo=46, routed)          1.565     5.086    clk_IBUF_BUFG
    SLICE_X37Y43         FDRE                                         r  rst_sync2_reg/C
  -------------------------------------------------------------------    -------------------
    SLICE_X37Y43         FDRE (Prop_fdre_C_Q)         0.456     5.542 f  rst_sync2_reg/Q
                         net (fo=1107, routed)        5.086    10.629    ssd/rst_sync2
    SLICE_X44Y48         FDCE                                         f  ssd/refresh_counter_reg[1]/CLR
  -------------------------------------------------------------------    -------------------

                         (clock sys_clk rise edge)   10.000    10.000 r  
    W5                                                0.000    10.000 r  clk (IN)
                         net (fo=0)                   0.000    10.000    clk
    W5                   IBUF (Prop_ibuf_I_O)         1.388    11.388 r  clk_IBUF_inst/O
                         net (fo=1, routed)           1.862    13.250    clk_IBUF
    BUFGCTRL_X0Y1        BUFG (Prop_bufg_I_O)         0.091    13.341 r  clk_IBUF_BUFG_inst/O
                         net (fo=46, routed)          1.449    14.790    ssd/clk
    SLICE_X44Y48         FDCE                                         r  ssd/refresh_counter_reg[1]/C
                         clock pessimism              0.260    15.050    
                         clock uncertainty           -0.035    15.015    
    SLICE_X44Y48         FDCE (Recov_fdce_C_CLR)     -0.405    14.610    ssd/refresh_counter_reg[1]
  -------------------------------------------------------------------
                         required time                         14.610    
                         arrival time                         -10.629    
  -------------------------------------------------------------------
                         slack                                  3.981    

Slack (MET) :             3.981ns  (required time - arrival time)
  Source:                 rst_sync2_reg/C
                            (rising edge-triggered cell FDRE clocked by sys_clk  {rise@0.000ns fall@5.000ns period=10.000ns})
  Destination:            ssd/refresh_counter_reg[2]/CLR
                            (recovery check against rising-edge clock sys_clk  {rise@0.000ns fall@5.000ns period=10.000ns})
  Path Group:             **async_default**
  Path Type:              Recovery (Max at Slow Process Corner)
  Requirement:            10.000ns  (sys_clk rise@10.000ns - sys_clk rise@0.000ns)
  Data Path Delay:        5.542ns  (logic 0.456ns (8.227%)  route 5.086ns (91.773%))
  Logic Levels:           0  
  Clock Path Skew:        -0.036ns (DCD - SCD + CPR)
    Destination Clock Delay (DCD):    4.790ns = ( 14.790 - 10.000 ) 
    Source Clock Delay      (SCD):    5.086ns
    Clock Pessimism Removal (CPR):    0.260ns
  Clock Uncertainty:      0.035ns  ((TSJ^2 + TIJ^2)^1/2 + DJ) / 2 + PE
    Total System Jitter     (TSJ):    0.071ns
    Total Input Jitter      (TIJ):    0.000ns
    Discrete Jitter          (DJ):    0.000ns
    Phase Error              (PE):    0.000ns

    Location             Delay type                Incr(ns)  Path(ns)    Netlist Resource(s)
  -------------------------------------------------------------------    -------------------
                         (clock sys_clk rise edge)    0.000     0.000 r  
    W5                                                0.000     0.000 r  clk (IN)
                         net (fo=0)                   0.000     0.000    clk
    W5                   IBUF (Prop_ibuf_I_O)         1.458     1.458 r  clk_IBUF_inst/O
                         net (fo=1, routed)           1.967     3.425    clk_IBUF
    BUFGCTRL_X0Y1        BUFG (Prop_bufg_I_O)         0.096     3.521 r  clk_IBUF_BUFG_inst/O
                         net (fo=46, routed)          1.565     5.086    clk_IBUF_BUFG
    SLICE_X37Y43         FDRE                                         r  rst_sync2_reg/C
  -------------------------------------------------------------------    -------------------
    SLICE_X37Y43         FDRE (Prop_fdre_C_Q)         0.456     5.542 f  rst_sync2_reg/Q
                         net (fo=1107, routed)        5.086    10.629    ssd/rst_sync2
    SLICE_X44Y48         FDCE                                         f  ssd/refresh_counter_reg[2]/CLR
  -------------------------------------------------------------------    -------------------

                         (clock sys_clk rise edge)   10.000    10.000 r  
    W5                                                0.000    10.000 r  clk (IN)
                         net (fo=0)                   0.000    10.000    clk
    W5                   IBUF (Prop_ibuf_I_O)         1.388    11.388 r  clk_IBUF_inst/O
                         net (fo=1, routed)           1.862    13.250    clk_IBUF
    BUFGCTRL_X0Y1        BUFG (Prop_bufg_I_O)         0.091    13.341 r  clk_IBUF_BUFG_inst/O
                         net (fo=46, routed)          1.449    14.790    ssd/clk
    SLICE_X44Y48         FDCE                                         r  ssd/refresh_counter_reg[2]/C
                         clock pessimism              0.260    15.050    
                         clock uncertainty           -0.035    15.015    
    SLICE_X44Y48         FDCE (Recov_fdce_C_CLR)     -0.405    14.610    ssd/refresh_counter_reg[2]
  -------------------------------------------------------------------
                         required time                         14.610    
                         arrival time                         -10.629    
  -------------------------------------------------------------------
                         slack                                  3.981    

Slack (MET) :             3.981ns  (required time - arrival time)
  Source:                 rst_sync2_reg/C
                            (rising edge-triggered cell FDRE clocked by sys_clk  {rise@0.000ns fall@5.000ns period=10.000ns})
  Destination:            ssd/refresh_counter_reg[3]/CLR
                            (recovery check against rising-edge clock sys_clk  {rise@0.000ns fall@5.000ns period=10.000ns})
  Path Group:             **async_default**
  Path Type:              Recovery (Max at Slow Process Corner)
  Requirement:            10.000ns  (sys_clk rise@10.000ns - sys_clk rise@0.000ns)
  Data Path Delay:        5.542ns  (logic 0.456ns (8.227%)  route 5.086ns (91.773%))
  Logic Levels:           0  
  Clock Path Skew:        -0.036ns (DCD - SCD + CPR)
    Destination Clock Delay (DCD):    4.790ns = ( 14.790 - 10.000 ) 
    Source Clock Delay      (SCD):    5.086ns
    Clock Pessimism Removal (CPR):    0.260ns
  Clock Uncertainty:      0.035ns  ((TSJ^2 + TIJ^2)^1/2 + DJ) / 2 + PE
    Total System Jitter     (TSJ):    0.071ns
    Total Input Jitter      (TIJ):    0.000ns
    Discrete Jitter          (DJ):    0.000ns
    Phase Error              (PE):    0.000ns

    Location             Delay type                Incr(ns)  Path(ns)    Netlist Resource(s)
  -------------------------------------------------------------------    -------------------
                         (clock sys_clk rise edge)    0.000     0.000 r  
    W5                                                0.000     0.000 r  clk (IN)
                         net (fo=0)                   0.000     0.000    clk
    W5                   IBUF (Prop_ibuf_I_O)         1.458     1.458 r  clk_IBUF_inst/O
                         net (fo=1, routed)           1.967     3.425    clk_IBUF
    BUFGCTRL_X0Y1        BUFG (Prop_bufg_I_O)         0.096     3.521 r  clk_IBUF_BUFG_inst/O
                         net (fo=46, routed)          1.565     5.086    clk_IBUF_BUFG
    SLICE_X37Y43         FDRE                                         r  rst_sync2_reg/C
  -------------------------------------------------------------------    -------------------
    SLICE_X37Y43         FDRE (Prop_fdre_C_Q)         0.456     5.542 f  rst_sync2_reg/Q
                         net (fo=1107, routed)        5.086    10.629    ssd/rst_sync2
    SLICE_X44Y48         FDCE                                         f  ssd/refresh_counter_reg[3]/CLR
  -------------------------------------------------------------------    -------------------

                         (clock sys_clk rise edge)   10.000    10.000 r  
    W5                                                0.000    10.000 r  clk (IN)
                         net (fo=0)                   0.000    10.000    clk
    W5                   IBUF (Prop_ibuf_I_O)         1.388    11.388 r  clk_IBUF_inst/O
                         net (fo=1, routed)           1.862    13.250    clk_IBUF
    BUFGCTRL_X0Y1        BUFG (Prop_bufg_I_O)         0.091    13.341 r  clk_IBUF_BUFG_inst/O
                         net (fo=46, routed)          1.449    14.790    ssd/clk
    SLICE_X44Y48         FDCE                                         r  ssd/refresh_counter_reg[3]/C
                         clock pessimism              0.260    15.050    
                         clock uncertainty           -0.035    15.015    
    SLICE_X44Y48         FDCE (Recov_fdce_C_CLR)     -0.405    14.610    ssd/refresh_counter_reg[3]
  -------------------------------------------------------------------
                         required time                         14.610    
                         arrival time                         -10.629    
  -------------------------------------------------------------------
                         slack                                  3.981    

Slack (MET) :             4.030ns  (required time - arrival time)
  Source:                 rst_sync2_reg/C
                            (rising edge-triggered cell FDRE clocked by sys_clk  {rise@0.000ns fall@5.000ns period=10.000ns})
  Destination:            ssd/refresh_counter_reg[4]/CLR
                            (recovery check against rising-edge clock sys_clk  {rise@0.000ns fall@5.000ns period=10.000ns})
  Path Group:             **async_default**
  Path Type:              Recovery (Max at Slow Process Corner)
  Requirement:            10.000ns  (sys_clk rise@10.000ns - sys_clk rise@0.000ns)
  Data Path Delay:        5.493ns  (logic 0.456ns (8.301%)  route 5.037ns (91.699%))
  Logic Levels:           0  
  Clock Path Skew:        -0.036ns (DCD - SCD + CPR)
    Destination Clock Delay (DCD):    4.790ns = ( 14.790 - 10.000 ) 
    Source Clock Delay      (SCD):    5.086ns
    Clock Pessimism Removal (CPR):    0.260ns
  Clock Uncertainty:      0.035ns  ((TSJ^2 + TIJ^2)^1/2 + DJ) / 2 + PE
    Total System Jitter     (TSJ):    0.071ns
    Total Input Jitter      (TIJ):    0.000ns
    Discrete Jitter          (DJ):    0.000ns
    Phase Error              (PE):    0.000ns

    Location             Delay type                Incr(ns)  Path(ns)    Netlist Resource(s)
  -------------------------------------------------------------------    -------------------
                         (clock sys_clk rise edge)    0.000     0.000 r  
    W5                                                0.000     0.000 r  clk (IN)
                         net (fo=0)                   0.000     0.000    clk
    W5                   IBUF (Prop_ibuf_I_O)         1.458     1.458 r  clk_IBUF_inst/O
                         net (fo=1, routed)           1.967     3.425    clk_IBUF
    BUFGCTRL_X0Y1        BUFG (Prop_bufg_I_O)         0.096     3.521 r  clk_IBUF_BUFG_inst/O
                         net (fo=46, routed)          1.565     5.086    clk_IBUF_BUFG
    SLICE_X37Y43         FDRE                                         r  rst_sync2_reg/C
  -------------------------------------------------------------------    -------------------
    SLICE_X37Y43         FDRE (Prop_fdre_C_Q)         0.456     5.542 f  rst_sync2_reg/Q
                         net (fo=1107, routed)        5.037    10.580    ssd/rst_sync2
    SLICE_X44Y49         FDCE                                         f  ssd/refresh_counter_reg[4]/CLR
  -------------------------------------------------------------------    -------------------

                         (clock sys_clk rise edge)   10.000    10.000 r  
    W5                                                0.000    10.000 r  clk (IN)
                         net (fo=0)                   0.000    10.000    clk
    W5                   IBUF (Prop_ibuf_I_O)         1.388    11.388 r  clk_IBUF_inst/O
                         net (fo=1, routed)           1.862    13.250    clk_IBUF
    BUFGCTRL_X0Y1        BUFG (Prop_bufg_I_O)         0.091    13.341 r  clk_IBUF_BUFG_inst/O
                         net (fo=46, routed)          1.449    14.790    ssd/clk
    SLICE_X44Y49         FDCE                                         r  ssd/refresh_counter_reg[4]/C
                         clock pessimism              0.260    15.050    
                         clock uncertainty           -0.035    15.015    
    SLICE_X44Y49         FDCE (Recov_fdce_C_CLR)     -0.405    14.610    ssd/refresh_counter_reg[4]
  -------------------------------------------------------------------
                         required time                         14.610    
                         arrival time                         -10.580    
  -------------------------------------------------------------------
                         slack                                  4.030    

Slack (MET) :             4.030ns  (required time - arrival time)
  Source:                 rst_sync2_reg/C
                            (rising edge-triggered cell FDRE clocked by sys_clk  {rise@0.000ns fall@5.000ns period=10.000ns})
  Destination:            ssd/refresh_counter_reg[5]/CLR
                            (recovery check against rising-edge clock sys_clk  {rise@0.000ns fall@5.000ns period=10.000ns})
  Path Group:             **async_default**
  Path Type:              Recovery (Max at Slow Process Corner)
  Requirement:            10.000ns  (sys_clk rise@10.000ns - sys_clk rise@0.000ns)
  Data Path Delay:        5.493ns  (logic 0.456ns (8.301%)  route 5.037ns (91.699%))
  Logic Levels:           0  
  Clock Path Skew:        -0.036ns (DCD - SCD + CPR)
    Destination Clock Delay (DCD):    4.790ns = ( 14.790 - 10.000 ) 
    Source Clock Delay      (SCD):    5.086ns
    Clock Pessimism Removal (CPR):    0.260ns
  Clock Uncertainty:      0.035ns  ((TSJ^2 + TIJ^2)^1/2 + DJ) / 2 + PE
    Total System Jitter     (TSJ):    0.071ns
    Total Input Jitter      (TIJ):    0.000ns
    Discrete Jitter          (DJ):    0.000ns
    Phase Error              (PE):    0.000ns

    Location             Delay type                Incr(ns)  Path(ns)    Netlist Resource(s)
  -------------------------------------------------------------------    -------------------
                         (clock sys_clk rise edge)    0.000     0.000 r  
    W5                                                0.000     0.000 r  clk (IN)
                         net (fo=0)                   0.000     0.000    clk
    W5                   IBUF (Prop_ibuf_I_O)         1.458     1.458 r  clk_IBUF_inst/O
                         net (fo=1, routed)           1.967     3.425    clk_IBUF
    BUFGCTRL_X0Y1        BUFG (Prop_bufg_I_O)         0.096     3.521 r  clk_IBUF_BUFG_inst/O
                         net (fo=46, routed)          1.565     5.086    clk_IBUF_BUFG
    SLICE_X37Y43         FDRE                                         r  rst_sync2_reg/C
  -------------------------------------------------------------------    -------------------
    SLICE_X37Y43         FDRE (Prop_fdre_C_Q)         0.456     5.542 f  rst_sync2_reg/Q
                         net (fo=1107, routed)        5.037    10.580    ssd/rst_sync2
    SLICE_X44Y49         FDCE                                         f  ssd/refresh_counter_reg[5]/CLR
  -------------------------------------------------------------------    -------------------

                         (clock sys_clk rise edge)   10.000    10.000 r  
    W5                                                0.000    10.000 r  clk (IN)
                         net (fo=0)                   0.000    10.000    clk
    W5                   IBUF (Prop_ibuf_I_O)         1.388    11.388 r  clk_IBUF_inst/O
                         net (fo=1, routed)           1.862    13.250    clk_IBUF
    BUFGCTRL_X0Y1        BUFG (Prop_bufg_I_O)         0.091    13.341 r  clk_IBUF_BUFG_inst/O
                         net (fo=46, routed)          1.449    14.790    ssd/clk
    SLICE_X44Y49         FDCE                                         r  ssd/refresh_counter_reg[5]/C
                         clock pessimism              0.260    15.050    
                         clock uncertainty           -0.035    15.015    
    SLICE_X44Y49         FDCE (Recov_fdce_C_CLR)     -0.405    14.610    ssd/refresh_counter_reg[5]
  -------------------------------------------------------------------
                         required time                         14.610    
                         arrival time                         -10.580    
  -------------------------------------------------------------------
                         slack                                  4.030    

Slack (MET) :             4.030ns  (required time - arrival time)
  Source:                 rst_sync2_reg/C
                            (rising edge-triggered cell FDRE clocked by sys_clk  {rise@0.000ns fall@5.000ns period=10.000ns})
  Destination:            ssd/refresh_counter_reg[6]/CLR
                            (recovery check against rising-edge clock sys_clk  {rise@0.000ns fall@5.000ns period=10.000ns})
  Path Group:             **async_default**
  Path Type:              Recovery (Max at Slow Process Corner)
  Requirement:            10.000ns  (sys_clk rise@10.000ns - sys_clk rise@0.000ns)
  Data Path Delay:        5.493ns  (logic 0.456ns (8.301%)  route 5.037ns (91.699%))
  Logic Levels:           0  
  Clock Path Skew:        -0.036ns (DCD - SCD + CPR)
    Destination Clock Delay (DCD):    4.790ns = ( 14.790 - 10.000 ) 
    Source Clock Delay      (SCD):    5.086ns
    Clock Pessimism Removal (CPR):    0.260ns
  Clock Uncertainty:      0.035ns  ((TSJ^2 + TIJ^2)^1/2 + DJ) / 2 + PE
    Total System Jitter     (TSJ):    0.071ns
    Total Input Jitter      (TIJ):    0.000ns
    Discrete Jitter          (DJ):    0.000ns
    Phase Error              (PE):    0.000ns

    Location             Delay type                Incr(ns)  Path(ns)    Netlist Resource(s)
  -------------------------------------------------------------------    -------------------
                         (clock sys_clk rise edge)    0.000     0.000 r  
    W5                                                0.000     0.000 r  clk (IN)
                         net (fo=0)                   0.000     0.000    clk
    W5                   IBUF (Prop_ibuf_I_O)         1.458     1.458 r  clk_IBUF_inst/O
                         net (fo=1, routed)           1.967     3.425    clk_IBUF
    BUFGCTRL_X0Y1        BUFG (Prop_bufg_I_O)         0.096     3.521 r  clk_IBUF_BUFG_inst/O
                         net (fo=46, routed)          1.565     5.086    clk_IBUF_BUFG
    SLICE_X37Y43         FDRE                                         r  rst_sync2_reg/C
  -------------------------------------------------------------------    -------------------
    SLICE_X37Y43         FDRE (Prop_fdre_C_Q)         0.456     5.542 f  rst_sync2_reg/Q
                         net (fo=1107, routed)        5.037    10.580    ssd/rst_sync2
    SLICE_X44Y49         FDCE                                         f  ssd/refresh_counter_reg[6]/CLR
  -------------------------------------------------------------------    -------------------

                         (clock sys_clk rise edge)   10.000    10.000 r  
    W5                                                0.000    10.000 r  clk (IN)
                         net (fo=0)                   0.000    10.000    clk
    W5                   IBUF (Prop_ibuf_I_O)         1.388    11.388 r  clk_IBUF_inst/O
                         net (fo=1, routed)           1.862    13.250    clk_IBUF
    BUFGCTRL_X0Y1        BUFG (Prop_bufg_I_O)         0.091    13.341 r  clk_IBUF_BUFG_inst/O
                         net (fo=46, routed)          1.449    14.790    ssd/clk
    SLICE_X44Y49         FDCE                                         r  ssd/refresh_counter_reg[6]/C
                         clock pessimism              0.260    15.050    
                         clock uncertainty           -0.035    15.015    
    SLICE_X44Y49         FDCE (Recov_fdce_C_CLR)     -0.405    14.610    ssd/refresh_counter_reg[6]
  -------------------------------------------------------------------
                         required time                         14.610    
                         arrival time                         -10.580    
  -------------------------------------------------------------------
                         slack                                  4.030    

Slack (MET) :             4.030ns  (required time - arrival time)
  Source:                 rst_sync2_reg/C
                            (rising edge-triggered cell FDRE clocked by sys_clk  {rise@0.000ns fall@5.000ns period=10.000ns})
  Destination:            ssd/refresh_counter_reg[7]/CLR
                            (recovery check against rising-edge clock sys_clk  {rise@0.000ns fall@5.000ns period=10.000ns})
  Path Group:             **async_default**
  Path Type:              Recovery (Max at Slow Process Corner)
  Requirement:            10.000ns  (sys_clk rise@10.000ns - sys_clk rise@0.000ns)
  Data Path Delay:        5.493ns  (logic 0.456ns (8.301%)  route 5.037ns (91.699%))
  Logic Levels:           0  
  Clock Path Skew:        -0.036ns (DCD - SCD + CPR)
    Destination Clock Delay (DCD):    4.790ns = ( 14.790 - 10.000 ) 
    Source Clock Delay      (SCD):    5.086ns
    Clock Pessimism Removal (CPR):    0.260ns
  Clock Uncertainty:      0.035ns  ((TSJ^2 + TIJ^2)^1/2 + DJ) / 2 + PE
    Total System Jitter     (TSJ):    0.071ns
    Total Input Jitter      (TIJ):    0.000ns
    Discrete Jitter          (DJ):    0.000ns
    Phase Error              (PE):    0.000ns

    Location             Delay type                Incr(ns)  Path(ns)    Netlist Resource(s)
  -------------------------------------------------------------------    -------------------
                         (clock sys_clk rise edge)    0.000     0.000 r  
    W5                                                0.000     0.000 r  clk (IN)
                         net (fo=0)                   0.000     0.000    clk
    W5                   IBUF (Prop_ibuf_I_O)         1.458     1.458 r  clk_IBUF_inst/O
                         net (fo=1, routed)           1.967     3.425    clk_IBUF
    BUFGCTRL_X0Y1        BUFG (Prop_bufg_I_O)         0.096     3.521 r  clk_IBUF_BUFG_inst/O
                         net (fo=46, routed)          1.565     5.086    clk_IBUF_BUFG
    SLICE_X37Y43         FDRE                                         r  rst_sync2_reg/C
  -------------------------------------------------------------------    -------------------
    SLICE_X37Y43         FDRE (Prop_fdre_C_Q)         0.456     5.542 f  rst_sync2_reg/Q
                         net (fo=1107, routed)        5.037    10.580    ssd/rst_sync2
    SLICE_X44Y49         FDCE                                         f  ssd/refresh_counter_reg[7]/CLR
  -------------------------------------------------------------------    -------------------

                         (clock sys_clk rise edge)   10.000    10.000 r  
    W5                                                0.000    10.000 r  clk (IN)
                         net (fo=0)                   0.000    10.000    clk
    W5                   IBUF (Prop_ibuf_I_O)         1.388    11.388 r  clk_IBUF_inst/O
                         net (fo=1, routed)           1.862    13.250    clk_IBUF
    BUFGCTRL_X0Y1        BUFG (Prop_bufg_I_O)         0.091    13.341 r  clk_IBUF_BUFG_inst/O
                         net (fo=46, routed)          1.449    14.790    ssd/clk
    SLICE_X44Y49         FDCE                                         r  ssd/refresh_counter_reg[7]/C
                         clock pessimism              0.260    15.050    
                         clock uncertainty           -0.035    15.015    
    SLICE_X44Y49         FDCE (Recov_fdce_C_CLR)     -0.405    14.610    ssd/refresh_counter_reg[7]
  -------------------------------------------------------------------
                         required time                         14.610    
                         arrival time                         -10.580    
  -------------------------------------------------------------------
                         slack                                  4.030    

Slack (MET) :             4.064ns  (required time - arrival time)
  Source:                 rst_sync2_reg/C
                            (rising edge-triggered cell FDRE clocked by sys_clk  {rise@0.000ns fall@5.000ns period=10.000ns})
  Destination:            ssd/refresh_counter_reg[12]/CLR
                            (recovery check against rising-edge clock sys_clk  {rise@0.000ns fall@5.000ns period=10.000ns})
  Path Group:             **async_default**
  Path Type:              Recovery (Max at Slow Process Corner)
  Requirement:            10.000ns  (sys_clk rise@10.000ns - sys_clk rise@0.000ns)
  Data Path Delay:        5.369ns  (logic 0.456ns (8.493%)  route 4.913ns (91.507%))
  Logic Levels:           0  
  Clock Path Skew:        -0.127ns (DCD - SCD + CPR)
    Destination Clock Delay (DCD):    4.780ns = ( 14.780 - 10.000 ) 
    Source Clock Delay      (SCD):    5.086ns
    Clock Pessimism Removal (CPR):    0.180ns
  Clock Uncertainty:      0.035ns  ((TSJ^2 + TIJ^2)^1/2 + DJ) / 2 + PE
    Total System Jitter     (TSJ):    0.071ns
    Total Input Jitter      (TIJ):    0.000ns
    Discrete Jitter          (DJ):    0.000ns
    Phase Error              (PE):    0.000ns

    Location             Delay type                Incr(ns)  Path(ns)    Netlist Resource(s)
  -------------------------------------------------------------------    -------------------
                         (clock sys_clk rise edge)    0.000     0.000 r  
    W5                                                0.000     0.000 r  clk (IN)
                         net (fo=0)                   0.000     0.000    clk
    W5                   IBUF (Prop_ibuf_I_O)         1.458     1.458 r  clk_IBUF_inst/O
                         net (fo=1, routed)           1.967     3.425    clk_IBUF
    BUFGCTRL_X0Y1        BUFG (Prop_bufg_I_O)         0.096     3.521 r  clk_IBUF_BUFG_inst/O
                         net (fo=46, routed)          1.565     5.086    clk_IBUF_BUFG
    SLICE_X37Y43         FDRE                                         r  rst_sync2_reg/C
  -------------------------------------------------------------------    -------------------
    SLICE_X37Y43         FDRE (Prop_fdre_C_Q)         0.456     5.542 f  rst_sync2_reg/Q
                         net (fo=1107, routed)        4.913    10.456    ssd/rst_sync2
    SLICE_X44Y51         FDCE                                         f  ssd/refresh_counter_reg[12]/CLR
  -------------------------------------------------------------------    -------------------

                         (clock sys_clk rise edge)   10.000    10.000 r  
    W5                                                0.000    10.000 r  clk (IN)
                         net (fo=0)                   0.000    10.000    clk
    W5                   IBUF (Prop_ibuf_I_O)         1.388    11.388 r  clk_IBUF_inst/O
                         net (fo=1, routed)           1.862    13.250    clk_IBUF
    BUFGCTRL_X0Y1        BUFG (Prop_bufg_I_O)         0.091    13.341 r  clk_IBUF_BUFG_inst/O
                         net (fo=46, routed)          1.439    14.780    ssd/clk
    SLICE_X44Y51         FDCE                                         r  ssd/refresh_counter_reg[12]/C
                         clock pessimism              0.180    14.960    
                         clock uncertainty           -0.035    14.924    
    SLICE_X44Y51         FDCE (Recov_fdce_C_CLR)     -0.405    14.519    ssd/refresh_counter_reg[12]
  -------------------------------------------------------------------
                         required time                         14.519    
                         arrival time                         -10.456    
  -------------------------------------------------------------------
                         slack                                  4.064    

Slack (MET) :             4.064ns  (required time - arrival time)
  Source:                 rst_sync2_reg/C
                            (rising edge-triggered cell FDRE clocked by sys_clk  {rise@0.000ns fall@5.000ns period=10.000ns})
  Destination:            ssd/refresh_counter_reg[13]/CLR
                            (recovery check against rising-edge clock sys_clk  {rise@0.000ns fall@5.000ns period=10.000ns})
  Path Group:             **async_default**
  Path Type:              Recovery (Max at Slow Process Corner)
  Requirement:            10.000ns  (sys_clk rise@10.000ns - sys_clk rise@0.000ns)
  Data Path Delay:        5.369ns  (logic 0.456ns (8.493%)  route 4.913ns (91.507%))
  Logic Levels:           0  
  Clock Path Skew:        -0.127ns (DCD - SCD + CPR)
    Destination Clock Delay (DCD):    4.780ns = ( 14.780 - 10.000 ) 
    Source Clock Delay      (SCD):    5.086ns
    Clock Pessimism Removal (CPR):    0.180ns
  Clock Uncertainty:      0.035ns  ((TSJ^2 + TIJ^2)^1/2 + DJ) / 2 + PE
    Total System Jitter     (TSJ):    0.071ns
    Total Input Jitter      (TIJ):    0.000ns
    Discrete Jitter          (DJ):    0.000ns
    Phase Error              (PE):    0.000ns

    Location             Delay type                Incr(ns)  Path(ns)    Netlist Resource(s)
  -------------------------------------------------------------------    -------------------
                         (clock sys_clk rise edge)    0.000     0.000 r  
    W5                                                0.000     0.000 r  clk (IN)
                         net (fo=0)                   0.000     0.000    clk
    W5                   IBUF (Prop_ibuf_I_O)         1.458     1.458 r  clk_IBUF_inst/O
                         net (fo=1, routed)           1.967     3.425    clk_IBUF
    BUFGCTRL_X0Y1        BUFG (Prop_bufg_I_O)         0.096     3.521 r  clk_IBUF_BUFG_inst/O
                         net (fo=46, routed)          1.565     5.086    clk_IBUF_BUFG
    SLICE_X37Y43         FDRE                                         r  rst_sync2_reg/C
  -------------------------------------------------------------------    -------------------
    SLICE_X37Y43         FDRE (Prop_fdre_C_Q)         0.456     5.542 f  rst_sync2_reg/Q
                         net (fo=1107, routed)        4.913    10.456    ssd/rst_sync2
    SLICE_X44Y51         FDCE                                         f  ssd/refresh_counter_reg[13]/CLR
  -------------------------------------------------------------------    -------------------

                         (clock sys_clk rise edge)   10.000    10.000 r  
    W5                                                0.000    10.000 r  clk (IN)
                         net (fo=0)                   0.000    10.000    clk
    W5                   IBUF (Prop_ibuf_I_O)         1.388    11.388 r  clk_IBUF_inst/O
                         net (fo=1, routed)           1.862    13.250    clk_IBUF
    BUFGCTRL_X0Y1        BUFG (Prop_bufg_I_O)         0.091    13.341 r  clk_IBUF_BUFG_inst/O
                         net (fo=46, routed)          1.439    14.780    ssd/clk
    SLICE_X44Y51         FDCE                                         r  ssd/refresh_counter_reg[13]/C
                         clock pessimism              0.180    14.960    
                         clock uncertainty           -0.035    14.924    
    SLICE_X44Y51         FDCE (Recov_fdce_C_CLR)     -0.405    14.519    ssd/refresh_counter_reg[13]
  -------------------------------------------------------------------
                         required time                         14.519    
                         arrival time                         -10.456    
  -------------------------------------------------------------------
                         slack                                  4.064    





Min Delay Paths
--------------------------------------------------------------------------------------
Slack (MET) :             0.115ns  (arrival time - required time)
  Source:                 rst_sync2_reg/C
                            (rising edge-triggered cell FDRE clocked by sys_clk  {rise@0.000ns fall@5.000ns period=10.000ns})
  Destination:            clk_div/counter_reg[0]/CLR
                            (removal check against rising-edge clock sys_clk  {rise@0.000ns fall@5.000ns period=10.000ns})
  Path Group:             **async_default**
  Path Type:              Removal (Min at Fast Process Corner)
  Requirement:            0.000ns  (sys_clk rise@0.000ns - sys_clk rise@0.000ns)
  Data Path Delay:        0.311ns  (logic 0.141ns (45.392%)  route 0.170ns (54.608%))
  Logic Levels:           0  
  Clock Path Skew:        0.263ns (DCD - SCD - CPR)
    Destination Clock Delay (DCD):    1.958ns
    Source Clock Delay      (SCD):    1.446ns
    Clock Pessimism Removal (CPR):    0.249ns

    Location             Delay type                Incr(ns)  Path(ns)    Netlist Resource(s)
  -------------------------------------------------------------------    -------------------
                         (clock sys_clk rise edge)    0.000     0.000 r  
    W5                                                0.000     0.000 r  clk (IN)
                         net (fo=0)                   0.000     0.000    clk
    W5                   IBUF (Prop_ibuf_I_O)         0.226     0.226 r  clk_IBUF_inst/O
                         net (fo=1, routed)           0.631     0.858    clk_IBUF
    BUFGCTRL_X0Y1        BUFG (Prop_bufg_I_O)         0.026     0.884 r  clk_IBUF_BUFG_inst/O
                         net (fo=46, routed)          0.563     1.446    clk_IBUF_BUFG
    SLICE_X37Y43         FDRE                                         r  rst_sync2_reg/C
  -------------------------------------------------------------------    -------------------
    SLICE_X37Y43         FDRE (Prop_fdre_C_Q)         0.141     1.587 f  rst_sync2_reg/Q
                         net (fo=1107, routed)        0.170     1.757    clk_div/rst_sync2
    SLICE_X34Y44         FDCE                                         f  clk_div/counter_reg[0]/CLR
  -------------------------------------------------------------------    -------------------

                         (clock sys_clk rise edge)    0.000     0.000 r  
    W5                                                0.000     0.000 r  clk (IN)
                         net (fo=0)                   0.000     0.000    clk
    W5                   IBUF (Prop_ibuf_I_O)         0.414     0.414 r  clk_IBUF_inst/O
                         net (fo=1, routed)           0.685     1.099    clk_IBUF
    BUFGCTRL_X0Y1        BUFG (Prop_bufg_I_O)         0.029     1.128 r  clk_IBUF_BUFG_inst/O
                         net (fo=46, routed)          0.831     1.958    clk_div/clk
    SLICE_X34Y44         FDCE                                         r  clk_div/counter_reg[0]/C
                         clock pessimism             -0.249     1.709    
    SLICE_X34Y44         FDCE (Remov_fdce_C_CLR)     -0.067     1.642    clk_div/counter_reg[0]
  -------------------------------------------------------------------
                         required time                         -1.642    
                         arrival time                           1.757    
  -------------------------------------------------------------------
                         slack                                  0.115    

Slack (MET) :             0.115ns  (arrival time - required time)
  Source:                 rst_sync2_reg/C
                            (rising edge-triggered cell FDRE clocked by sys_clk  {rise@0.000ns fall@5.000ns period=10.000ns})
  Destination:            clk_div/counter_reg[13]/CLR
                            (removal check against rising-edge clock sys_clk  {rise@0.000ns fall@5.000ns period=10.000ns})
  Path Group:             **async_default**
  Path Type:              Removal (Min at Fast Process Corner)
  Requirement:            0.000ns  (sys_clk rise@0.000ns - sys_clk rise@0.000ns)
  Data Path Delay:        0.311ns  (logic 0.141ns (45.392%)  route 0.170ns (54.608%))
  Logic Levels:           0  
  Clock Path Skew:        0.263ns (DCD - SCD - CPR)
    Destination Clock Delay (DCD):    1.958ns
    Source Clock Delay      (SCD):    1.446ns
    Clock Pessimism Removal (CPR):    0.249ns

    Location             Delay type                Incr(ns)  Path(ns)    Netlist Resource(s)
  -------------------------------------------------------------------    -------------------
                         (clock sys_clk rise edge)    0.000     0.000 r  
    W5                                                0.000     0.000 r  clk (IN)
                         net (fo=0)                   0.000     0.000    clk
    W5                   IBUF (Prop_ibuf_I_O)         0.226     0.226 r  clk_IBUF_inst/O
                         net (fo=1, routed)           0.631     0.858    clk_IBUF
    BUFGCTRL_X0Y1        BUFG (Prop_bufg_I_O)         0.026     0.884 r  clk_IBUF_BUFG_inst/O
                         net (fo=46, routed)          0.563     1.446    clk_IBUF_BUFG
    SLICE_X37Y43         FDRE                                         r  rst_sync2_reg/C
  -------------------------------------------------------------------    -------------------
    SLICE_X37Y43         FDRE (Prop_fdre_C_Q)         0.141     1.587 f  rst_sync2_reg/Q
                         net (fo=1107, routed)        0.170     1.757    clk_div/rst_sync2
    SLICE_X34Y44         FDCE                                         f  clk_div/counter_reg[13]/CLR
  -------------------------------------------------------------------    -------------------

                         (clock sys_clk rise edge)    0.000     0.000 r  
    W5                                                0.000     0.000 r  clk (IN)
                         net (fo=0)                   0.000     0.000    clk
    W5                   IBUF (Prop_ibuf_I_O)         0.414     0.414 r  clk_IBUF_inst/O
                         net (fo=1, routed)           0.685     1.099    clk_IBUF
    BUFGCTRL_X0Y1        BUFG (Prop_bufg_I_O)         0.029     1.128 r  clk_IBUF_BUFG_inst/O
                         net (fo=46, routed)          0.831     1.958    clk_div/clk
    SLICE_X34Y44         FDCE                                         r  clk_div/counter_reg[13]/C
                         clock pessimism             -0.249     1.709    
    SLICE_X34Y44         FDCE (Remov_fdce_C_CLR)     -0.067     1.642    clk_div/counter_reg[13]
  -------------------------------------------------------------------
                         required time                         -1.642    
                         arrival time                           1.757    
  -------------------------------------------------------------------
                         slack                                  0.115    

Slack (MET) :             0.135ns  (arrival time - required time)
  Source:                 rst_sync2_reg/C
                            (rising edge-triggered cell FDRE clocked by sys_clk  {rise@0.000ns fall@5.000ns period=10.000ns})
  Destination:            clk_div/counter_reg[12]/CLR
                            (removal check against rising-edge clock sys_clk  {rise@0.000ns fall@5.000ns period=10.000ns})
  Path Group:             **async_default**
  Path Type:              Removal (Min at Fast Process Corner)
  Requirement:            0.000ns  (sys_clk rise@0.000ns - sys_clk rise@0.000ns)
  Data Path Delay:        0.331ns  (logic 0.141ns (42.591%)  route 0.190ns (57.409%))
  Logic Levels:           0  
  Clock Path Skew:        0.263ns (DCD - SCD - CPR)
    Destination Clock Delay (DCD):    1.958ns
    Source Clock Delay      (SCD):    1.446ns
    Clock Pessimism Removal (CPR):    0.249ns

    Location             Delay type                Incr(ns)  Path(ns)    Netlist Resource(s)
  -------------------------------------------------------------------    -------------------
                         (clock sys_clk rise edge)    0.000     0.000 r  
    W5                                                0.000     0.000 r  clk (IN)
                         net (fo=0)                   0.000     0.000    clk
    W5                   IBUF (Prop_ibuf_I_O)         0.226     0.226 r  clk_IBUF_inst/O
                         net (fo=1, routed)           0.631     0.858    clk_IBUF
    BUFGCTRL_X0Y1        BUFG (Prop_bufg_I_O)         0.026     0.884 r  clk_IBUF_BUFG_inst/O
                         net (fo=46, routed)          0.563     1.446    clk_IBUF_BUFG
    SLICE_X37Y43         FDRE                                         r  rst_sync2_reg/C
  -------------------------------------------------------------------    -------------------
    SLICE_X37Y43         FDRE (Prop_fdre_C_Q)         0.141     1.587 f  rst_sync2_reg/Q
                         net (fo=1107, routed)        0.190     1.777    clk_div/rst_sync2
    SLICE_X34Y43         FDCE                                         f  clk_div/counter_reg[12]/CLR
  -------------------------------------------------------------------    -------------------

                         (clock sys_clk rise edge)    0.000     0.000 r  
    W5                                                0.000     0.000 r  clk (IN)
                         net (fo=0)                   0.000     0.000    clk
    W5                   IBUF (Prop_ibuf_I_O)         0.414     0.414 r  clk_IBUF_inst/O
                         net (fo=1, routed)           0.685     1.099    clk_IBUF
    BUFGCTRL_X0Y1        BUFG (Prop_bufg_I_O)         0.029     1.128 r  clk_IBUF_BUFG_inst/O
                         net (fo=46, routed)          0.831     1.958    clk_div/clk
    SLICE_X34Y43         FDCE                                         r  clk_div/counter_reg[12]/C
                         clock pessimism             -0.249     1.709    
    SLICE_X34Y43         FDCE (Remov_fdce_C_CLR)     -0.067     1.642    clk_div/counter_reg[12]
  -------------------------------------------------------------------
                         required time                         -1.642    
                         arrival time                           1.777    
  -------------------------------------------------------------------
                         slack                                  0.135    

Slack (MET) :             0.190ns  (arrival time - required time)
  Source:                 rst_sync2_reg/C
                            (rising edge-triggered cell FDRE clocked by sys_clk  {rise@0.000ns fall@5.000ns period=10.000ns})
  Destination:            clk_div/counter_reg[5]/CLR
                            (removal check against rising-edge clock sys_clk  {rise@0.000ns fall@5.000ns period=10.000ns})
  Path Group:             **async_default**
  Path Type:              Removal (Min at Fast Process Corner)
  Requirement:            0.000ns  (sys_clk rise@0.000ns - sys_clk rise@0.000ns)
  Data Path Delay:        0.385ns  (logic 0.141ns (36.579%)  route 0.244ns (63.421%))
  Logic Levels:           0  
  Clock Path Skew:        0.262ns (DCD - SCD - CPR)
    Destination Clock Delay (DCD):    1.957ns
    Source Clock Delay      (SCD):    1.446ns
    Clock Pessimism Removal (CPR):    0.249ns

    Location             Delay type                Incr(ns)  Path(ns)    Netlist Resource(s)
  -------------------------------------------------------------------    -------------------
                         (clock sys_clk rise edge)    0.000     0.000 r  
    W5                                                0.000     0.000 r  clk (IN)
                         net (fo=0)                   0.000     0.000    clk
    W5                   IBUF (Prop_ibuf_I_O)         0.226     0.226 r  clk_IBUF_inst/O
                         net (fo=1, routed)           0.631     0.858    clk_IBUF
    BUFGCTRL_X0Y1        BUFG (Prop_bufg_I_O)         0.026     0.884 r  clk_IBUF_BUFG_inst/O
                         net (fo=46, routed)          0.563     1.446    clk_IBUF_BUFG
    SLICE_X37Y43         FDRE                                         r  rst_sync2_reg/C
  -------------------------------------------------------------------    -------------------
    SLICE_X37Y43         FDRE (Prop_fdre_C_Q)         0.141     1.587 f  rst_sync2_reg/Q
                         net (fo=1107, routed)        0.244     1.832    clk_div/rst_sync2
    SLICE_X34Y42         FDCE                                         f  clk_div/counter_reg[5]/CLR
  -------------------------------------------------------------------    -------------------

                         (clock sys_clk rise edge)    0.000     0.000 r  
    W5                                                0.000     0.000 r  clk (IN)
                         net (fo=0)                   0.000     0.000    clk
    W5                   IBUF (Prop_ibuf_I_O)         0.414     0.414 r  clk_IBUF_inst/O
                         net (fo=1, routed)           0.685     1.099    clk_IBUF
    BUFGCTRL_X0Y1        BUFG (Prop_bufg_I_O)         0.029     1.128 r  clk_IBUF_BUFG_inst/O
                         net (fo=46, routed)          0.830     1.957    clk_div/clk
    SLICE_X34Y42         FDCE                                         r  clk_div/counter_reg[5]/C
                         clock pessimism             -0.249     1.708    
    SLICE_X34Y42         FDCE (Remov_fdce_C_CLR)     -0.067     1.641    clk_div/counter_reg[5]
  -------------------------------------------------------------------
                         required time                         -1.641    
                         arrival time                           1.832    
  -------------------------------------------------------------------
                         slack                                  0.190    

Slack (MET) :             0.294ns  (arrival time - required time)
  Source:                 rst_sync2_reg/C
                            (rising edge-triggered cell FDRE clocked by sys_clk  {rise@0.000ns fall@5.000ns period=10.000ns})
  Destination:            clk_div/counter_reg[10]/CLR
                            (removal check against rising-edge clock sys_clk  {rise@0.000ns fall@5.000ns period=10.000ns})
  Path Group:             **async_default**
  Path Type:              Removal (Min at Fast Process Corner)
  Requirement:            0.000ns  (sys_clk rise@0.000ns - sys_clk rise@0.000ns)
  Data Path Delay:        0.466ns  (logic 0.141ns (30.240%)  route 0.325ns (69.760%))
  Logic Levels:           0  
  Clock Path Skew:        0.264ns (DCD - SCD - CPR)
    Destination Clock Delay (DCD):    1.959ns
    Source Clock Delay      (SCD):    1.446ns
    Clock Pessimism Removal (CPR):    0.249ns

    Location             Delay type                Incr(ns)  Path(ns)    Netlist Resource(s)
  -------------------------------------------------------------------    -------------------
                         (clock sys_clk rise edge)    0.000     0.000 r  
    W5                                                0.000     0.000 r  clk (IN)
                         net (fo=0)                   0.000     0.000    clk
    W5                   IBUF (Prop_ibuf_I_O)         0.226     0.226 r  clk_IBUF_inst/O
                         net (fo=1, routed)           0.631     0.858    clk_IBUF
    BUFGCTRL_X0Y1        BUFG (Prop_bufg_I_O)         0.026     0.884 r  clk_IBUF_BUFG_inst/O
                         net (fo=46, routed)          0.563     1.446    clk_IBUF_BUFG
    SLICE_X37Y43         FDRE                                         r  rst_sync2_reg/C
  -------------------------------------------------------------------    -------------------
    SLICE_X37Y43         FDRE (Prop_fdre_C_Q)         0.141     1.587 f  rst_sync2_reg/Q
                         net (fo=1107, routed)        0.325     1.912    clk_div/rst_sync2
    SLICE_X33Y43         FDCE                                         f  clk_div/counter_reg[10]/CLR
  -------------------------------------------------------------------    -------------------

                         (clock sys_clk rise edge)    0.000     0.000 r  
    W5                                                0.000     0.000 r  clk (IN)
                         net (fo=0)                   0.000     0.000    clk
    W5                   IBUF (Prop_ibuf_I_O)         0.414     0.414 r  clk_IBUF_inst/O
                         net (fo=1, routed)           0.685     1.099    clk_IBUF
    BUFGCTRL_X0Y1        BUFG (Prop_bufg_I_O)         0.029     1.128 r  clk_IBUF_BUFG_inst/O
                         net (fo=46, routed)          0.832     1.959    clk_div/clk
    SLICE_X33Y43         FDCE                                         r  clk_div/counter_reg[10]/C
                         clock pessimism             -0.249     1.710    
    SLICE_X33Y43         FDCE (Remov_fdce_C_CLR)     -0.092     1.618    clk_div/counter_reg[10]
  -------------------------------------------------------------------
                         required time                         -1.618    
                         arrival time                           1.912    
  -------------------------------------------------------------------
                         slack                                  0.294    

Slack (MET) :             0.294ns  (arrival time - required time)
  Source:                 rst_sync2_reg/C
                            (rising edge-triggered cell FDRE clocked by sys_clk  {rise@0.000ns fall@5.000ns period=10.000ns})
  Destination:            clk_div/counter_reg[11]/CLR
                            (removal check against rising-edge clock sys_clk  {rise@0.000ns fall@5.000ns period=10.000ns})
  Path Group:             **async_default**
  Path Type:              Removal (Min at Fast Process Corner)
  Requirement:            0.000ns  (sys_clk rise@0.000ns - sys_clk rise@0.000ns)
  Data Path Delay:        0.466ns  (logic 0.141ns (30.240%)  route 0.325ns (69.760%))
  Logic Levels:           0  
  Clock Path Skew:        0.264ns (DCD - SCD - CPR)
    Destination Clock Delay (DCD):    1.959ns
    Source Clock Delay      (SCD):    1.446ns
    Clock Pessimism Removal (CPR):    0.249ns

    Location             Delay type                Incr(ns)  Path(ns)    Netlist Resource(s)
  -------------------------------------------------------------------    -------------------
                         (clock sys_clk rise edge)    0.000     0.000 r  
    W5                                                0.000     0.000 r  clk (IN)
                         net (fo=0)                   0.000     0.000    clk
    W5                   IBUF (Prop_ibuf_I_O)         0.226     0.226 r  clk_IBUF_inst/O
                         net (fo=1, routed)           0.631     0.858    clk_IBUF
    BUFGCTRL_X0Y1        BUFG (Prop_bufg_I_O)         0.026     0.884 r  clk_IBUF_BUFG_inst/O
                         net (fo=46, routed)          0.563     1.446    clk_IBUF_BUFG
    SLICE_X37Y43         FDRE                                         r  rst_sync2_reg/C
  -------------------------------------------------------------------    -------------------
    SLICE_X37Y43         FDRE (Prop_fdre_C_Q)         0.141     1.587 f  rst_sync2_reg/Q
                         net (fo=1107, routed)        0.325     1.912    clk_div/rst_sync2
    SLICE_X33Y43         FDCE                                         f  clk_div/counter_reg[11]/CLR
  -------------------------------------------------------------------    -------------------

                         (clock sys_clk rise edge)    0.000     0.000 r  
    W5                                                0.000     0.000 r  clk (IN)
                         net (fo=0)                   0.000     0.000    clk
    W5                   IBUF (Prop_ibuf_I_O)         0.414     0.414 r  clk_IBUF_inst/O
                         net (fo=1, routed)           0.685     1.099    clk_IBUF
    BUFGCTRL_X0Y1        BUFG (Prop_bufg_I_O)         0.029     1.128 r  clk_IBUF_BUFG_inst/O
                         net (fo=46, routed)          0.832     1.959    clk_div/clk
    SLICE_X33Y43         FDCE                                         r  clk_div/counter_reg[11]/C
                         clock pessimism             -0.249     1.710    
    SLICE_X33Y43         FDCE (Remov_fdce_C_CLR)     -0.092     1.618    clk_div/counter_reg[11]
  -------------------------------------------------------------------
                         required time                         -1.618    
                         arrival time                           1.912    
  -------------------------------------------------------------------
                         slack                                  0.294    

Slack (MET) :             0.294ns  (arrival time - required time)
  Source:                 rst_sync2_reg/C
                            (rising edge-triggered cell FDRE clocked by sys_clk  {rise@0.000ns fall@5.000ns period=10.000ns})
  Destination:            clk_div/counter_reg[9]/CLR
                            (removal check against rising-edge clock sys_clk  {rise@0.000ns fall@5.000ns period=10.000ns})
  Path Group:             **async_default**
  Path Type:              Removal (Min at Fast Process Corner)
  Requirement:            0.000ns  (sys_clk rise@0.000ns - sys_clk rise@0.000ns)
  Data Path Delay:        0.466ns  (logic 0.141ns (30.240%)  route 0.325ns (69.760%))
  Logic Levels:           0  
  Clock Path Skew:        0.264ns (DCD - SCD - CPR)
    Destination Clock Delay (DCD):    1.959ns
    Source Clock Delay      (SCD):    1.446ns
    Clock Pessimism Removal (CPR):    0.249ns

    Location             Delay type                Incr(ns)  Path(ns)    Netlist Resource(s)
  -------------------------------------------------------------------    -------------------
                         (clock sys_clk rise edge)    0.000     0.000 r  
    W5                                                0.000     0.000 r  clk (IN)
                         net (fo=0)                   0.000     0.000    clk
    W5                   IBUF (Prop_ibuf_I_O)         0.226     0.226 r  clk_IBUF_inst/O
                         net (fo=1, routed)           0.631     0.858    clk_IBUF
    BUFGCTRL_X0Y1        BUFG (Prop_bufg_I_O)         0.026     0.884 r  clk_IBUF_BUFG_inst/O
                         net (fo=46, routed)          0.563     1.446    clk_IBUF_BUFG
    SLICE_X37Y43         FDRE                                         r  rst_sync2_reg/C
  -------------------------------------------------------------------    -------------------
    SLICE_X37Y43         FDRE (Prop_fdre_C_Q)         0.141     1.587 f  rst_sync2_reg/Q
                         net (fo=1107, routed)        0.325     1.912    clk_div/rst_sync2
    SLICE_X33Y43         FDCE                                         f  clk_div/counter_reg[9]/CLR
  -------------------------------------------------------------------    -------------------

                         (clock sys_clk rise edge)    0.000     0.000 r  
    W5                                                0.000     0.000 r  clk (IN)
                         net (fo=0)                   0.000     0.000    clk
    W5                   IBUF (Prop_ibuf_I_O)         0.414     0.414 r  clk_IBUF_inst/O
                         net (fo=1, routed)           0.685     1.099    clk_IBUF
    BUFGCTRL_X0Y1        BUFG (Prop_bufg_I_O)         0.029     1.128 r  clk_IBUF_BUFG_inst/O
                         net (fo=46, routed)          0.832     1.959    clk_div/clk
    SLICE_X33Y43         FDCE                                         r  clk_div/counter_reg[9]/C
                         clock pessimism             -0.249     1.710    
    SLICE_X33Y43         FDCE (Remov_fdce_C_CLR)     -0.092     1.618    clk_div/counter_reg[9]
  -------------------------------------------------------------------
                         required time                         -1.618    
                         arrival time                           1.912    
  -------------------------------------------------------------------
                         slack                                  0.294    

Slack (MET) :             0.358ns  (arrival time - required time)
  Source:                 rst_sync2_reg/C
                            (rising edge-triggered cell FDRE clocked by sys_clk  {rise@0.000ns fall@5.000ns period=10.000ns})
  Destination:            clk_div/counter_reg[14]/CLR
                            (removal check against rising-edge clock sys_clk  {rise@0.000ns fall@5.000ns period=10.000ns})
  Path Group:             **async_default**
  Path Type:              Removal (Min at Fast Process Corner)
  Requirement:            0.000ns  (sys_clk rise@0.000ns - sys_clk rise@0.000ns)
  Data Path Delay:        0.530ns  (logic 0.141ns (26.626%)  route 0.389ns (73.374%))
  Logic Levels:           0  
  Clock Path Skew:        0.264ns (DCD - SCD - CPR)
    Destination Clock Delay (DCD):    1.959ns
    Source Clock Delay      (SCD):    1.446ns
    Clock Pessimism Removal (CPR):    0.249ns

    Location             Delay type                Incr(ns)  Path(ns)    Netlist Resource(s)
  -------------------------------------------------------------------    -------------------
                         (clock sys_clk rise edge)    0.000     0.000 r  
    W5                                                0.000     0.000 r  clk (IN)
                         net (fo=0)                   0.000     0.000    clk
    W5                   IBUF (Prop_ibuf_I_O)         0.226     0.226 r  clk_IBUF_inst/O
                         net (fo=1, routed)           0.631     0.858    clk_IBUF
    BUFGCTRL_X0Y1        BUFG (Prop_bufg_I_O)         0.026     0.884 r  clk_IBUF_BUFG_inst/O
                         net (fo=46, routed)          0.563     1.446    clk_IBUF_BUFG
    SLICE_X37Y43         FDRE                                         r  rst_sync2_reg/C
  -------------------------------------------------------------------    -------------------
    SLICE_X37Y43         FDRE (Prop_fdre_C_Q)         0.141     1.587 f  rst_sync2_reg/Q
                         net (fo=1107, routed)        0.389     1.976    clk_div/rst_sync2
    SLICE_X33Y44         FDCE                                         f  clk_div/counter_reg[14]/CLR
  -------------------------------------------------------------------    -------------------

                         (clock sys_clk rise edge)    0.000     0.000 r  
    W5                                                0.000     0.000 r  clk (IN)
                         net (fo=0)                   0.000     0.000    clk
    W5                   IBUF (Prop_ibuf_I_O)         0.414     0.414 r  clk_IBUF_inst/O
                         net (fo=1, routed)           0.685     1.099    clk_IBUF
    BUFGCTRL_X0Y1        BUFG (Prop_bufg_I_O)         0.029     1.128 r  clk_IBUF_BUFG_inst/O
                         net (fo=46, routed)          0.832     1.959    clk_div/clk
    SLICE_X33Y44         FDCE                                         r  clk_div/counter_reg[14]/C
                         clock pessimism             -0.249     1.710    
    SLICE_X33Y44         FDCE (Remov_fdce_C_CLR)     -0.092     1.618    clk_div/counter_reg[14]
  -------------------------------------------------------------------
                         required time                         -1.618    
                         arrival time                           1.976    
  -------------------------------------------------------------------
                         slack                                  0.358    

Slack (MET) :             0.358ns  (arrival time - required time)
  Source:                 rst_sync2_reg/C
                            (rising edge-triggered cell FDRE clocked by sys_clk  {rise@0.000ns fall@5.000ns period=10.000ns})
  Destination:            clk_div/counter_reg[15]/CLR
                            (removal check against rising-edge clock sys_clk  {rise@0.000ns fall@5.000ns period=10.000ns})
  Path Group:             **async_default**
  Path Type:              Removal (Min at Fast Process Corner)
  Requirement:            0.000ns  (sys_clk rise@0.000ns - sys_clk rise@0.000ns)
  Data Path Delay:        0.530ns  (logic 0.141ns (26.626%)  route 0.389ns (73.374%))
  Logic Levels:           0  
  Clock Path Skew:        0.264ns (DCD - SCD - CPR)
    Destination Clock Delay (DCD):    1.959ns
    Source Clock Delay      (SCD):    1.446ns
    Clock Pessimism Removal (CPR):    0.249ns

    Location             Delay type                Incr(ns)  Path(ns)    Netlist Resource(s)
  -------------------------------------------------------------------    -------------------
                         (clock sys_clk rise edge)    0.000     0.000 r  
    W5                                                0.000     0.000 r  clk (IN)
                         net (fo=0)                   0.000     0.000    clk
    W5                   IBUF (Prop_ibuf_I_O)         0.226     0.226 r  clk_IBUF_inst/O
                         net (fo=1, routed)           0.631     0.858    clk_IBUF
    BUFGCTRL_X0Y1        BUFG (Prop_bufg_I_O)         0.026     0.884 r  clk_IBUF_BUFG_inst/O
                         net (fo=46, routed)          0.563     1.446    clk_IBUF_BUFG
    SLICE_X37Y43         FDRE                                         r  rst_sync2_reg/C
  -------------------------------------------------------------------    -------------------
    SLICE_X37Y43         FDRE (Prop_fdre_C_Q)         0.141     1.587 f  rst_sync2_reg/Q
                         net (fo=1107, routed)        0.389     1.976    clk_div/rst_sync2
    SLICE_X33Y44         FDCE                                         f  clk_div/counter_reg[15]/CLR
  -------------------------------------------------------------------    -------------------

                         (clock sys_clk rise edge)    0.000     0.000 r  
    W5                                                0.000     0.000 r  clk (IN)
                         net (fo=0)                   0.000     0.000    clk
    W5                   IBUF (Prop_ibuf_I_O)         0.414     0.414 r  clk_IBUF_inst/O
                         net (fo=1, routed)           0.685     1.099    clk_IBUF
    BUFGCTRL_X0Y1        BUFG (Prop_bufg_I_O)         0.029     1.128 r  clk_IBUF_BUFG_inst/O
                         net (fo=46, routed)          0.832     1.959    clk_div/clk
    SLICE_X33Y44         FDCE                                         r  clk_div/counter_reg[15]/C
                         clock pessimism             -0.249     1.710    
    SLICE_X33Y44         FDCE (Remov_fdce_C_CLR)     -0.092     1.618    clk_div/counter_reg[15]
  -------------------------------------------------------------------
                         required time                         -1.618    
                         arrival time                           1.976    
  -------------------------------------------------------------------
                         slack                                  0.358    

Slack (MET) :             0.406ns  (arrival time - required time)
  Source:                 rst_sync2_reg/C
                            (rising edge-triggered cell FDRE clocked by sys_clk  {rise@0.000ns fall@5.000ns period=10.000ns})
  Destination:            clk_div/counter_reg[17]/CLR
                            (removal check against rising-edge clock sys_clk  {rise@0.000ns fall@5.000ns period=10.000ns})
  Path Group:             **async_default**
  Path Type:              Removal (Min at Fast Process Corner)
  Requirement:            0.000ns  (sys_clk rise@0.000ns - sys_clk rise@0.000ns)
  Data Path Delay:        0.602ns  (logic 0.141ns (23.428%)  route 0.461ns (76.573%))
  Logic Levels:           0  
  Clock Path Skew:        0.263ns (DCD - SCD - CPR)
    Destination Clock Delay (DCD):    1.958ns
    Source Clock Delay      (SCD):    1.446ns
    Clock Pessimism Removal (CPR):    0.249ns

    Location             Delay type                Incr(ns)  Path(ns)    Netlist Resource(s)
  -------------------------------------------------------------------    -------------------
                         (clock sys_clk rise edge)    0.000     0.000 r  
    W5                                                0.000     0.000 r  clk (IN)
                         net (fo=0)                   0.000     0.000    clk
    W5                   IBUF (Prop_ibuf_I_O)         0.226     0.226 r  clk_IBUF_inst/O
                         net (fo=1, routed)           0.631     0.858    clk_IBUF
    BUFGCTRL_X0Y1        BUFG (Prop_bufg_I_O)         0.026     0.884 r  clk_IBUF_BUFG_inst/O
                         net (fo=46, routed)          0.563     1.446    clk_IBUF_BUFG
    SLICE_X37Y43         FDRE                                         r  rst_sync2_reg/C
  -------------------------------------------------------------------    -------------------
    SLICE_X37Y43         FDRE (Prop_fdre_C_Q)         0.141     1.587 f  rst_sync2_reg/Q
                         net (fo=1107, routed)        0.461     2.048    clk_div/rst_sync2
    SLICE_X34Y45         FDCE                                         f  clk_div/counter_reg[17]/CLR
  -------------------------------------------------------------------    -------------------

                         (clock sys_clk rise edge)    0.000     0.000 r  
    W5                                                0.000     0.000 r  clk (IN)
                         net (fo=0)                   0.000     0.000    clk
    W5                   IBUF (Prop_ibuf_I_O)         0.414     0.414 r  clk_IBUF_inst/O
                         net (fo=1, routed)           0.685     1.099    clk_IBUF
    BUFGCTRL_X0Y1        BUFG (Prop_bufg_I_O)         0.029     1.128 r  clk_IBUF_BUFG_inst/O
                         net (fo=46, routed)          0.831     1.958    clk_div/clk
    SLICE_X34Y45         FDCE                                         r  clk_div/counter_reg[17]/C
                         clock pessimism             -0.249     1.709    
    SLICE_X34Y45         FDCE (Remov_fdce_C_CLR)     -0.067     1.642    clk_div/counter_reg[17]
  -------------------------------------------------------------------
                         required time                         -1.642    
                         arrival time                           2.048    
  -------------------------------------------------------------------
                         slack                                  0.406    





